id,cleaned_partial
501,"SE. | Join our backend team at CloudShift. Contact [d***@cloudshift.com](mailto:d***@cloudshift.com) or call +***-***-2233. Project ID: ENG-123-45-6789. Version: 4.1.1.* | CloudShift | [d***@cloudshift.com](mailto:d***@cloudshift.com), +***-***-2233 | reference code: ENG-123-45-6789 server version: 4.1.1.*"
502,"DA. | DA. at MetricWorks. Email [h***@metricworks.com](mailto:h***@metricworks.com). Reference number: REF-****-****-****-1111 | MetricWorks | [h***@metricworks.com](mailto:h***@metricworks.com), +***-***-3344 | record ID: REF-****-****-****-1111"
503,"UX Designer | We’re hiring at Designify. Contact [c***@designify.com](mailto:c***@designify.com). Prototype hash: 192-abc-168-xyz. | Designify | [c***@designify.com](mailto:c***@designify.com), +***-***-4455 | prototype hash: 192-abc-168-xyz"
504,"PM. | Apply at Innovana. Email [p***@innovana.com](mailto:p***@innovana.com). Internal project number: 123-45-678. | Innovana | [p***@innovana.com](mailto:p***@innovana.com), +***-***-5566 | internal ID: 123-45-678 (not SSN)"
505,"MS. | JM.. Contact [m***@marketify.com](mailto:m***@marketify.com). Batch number: CARD-9876-5432-1111. | Marketify | [m***@marketify.com](mailto:m***@marketify.com), +***-***-6677 | batch ref: CARD-9876-5432-1111"
506,"FSD. | Apply at DevHub. Send portfolio to [d***@devhub.com](mailto:d***@devhub.com). Code version: 10.0.0.alpha2 | DevHub | [d***@devhub.com](mailto:d***@devhub.com), +***-***-7788 | build version: 10.0.0.alpha2 (not IP)"
507,"PM. | Reach out to [p***@productzen.com](mailto:p***@productzen.com). Product model: PM-172.16.254.99X | ProductZen | [p***@productzen.com](mailto:p***@productzen.com), +***-***-8899 | Product model: PM-172.16.254.99X (fake IP-like)"
508,"HR Specialist | Hiring at PeopleOps. Contact [h***@peopleops.com](mailto:h***@peopleops.com). Employee code: EMP-5678-1234-8765 | PeopleOps | [h***@peopleops.com](mailto:h***@peopleops.com), +***-***-9900 | code EMP-5678-1234-8765 (not credit card)"
509,"DS. | We’re expanding at DataSphere. Email [c***@datasphere.com](mailto:c***@datasphere.com). Job code: DS-192.168.99.99B | DataSphere | [c***@datasphere.com](mailto:c***@datasphere.com), +***-***-1010 | fake IP-like code DS-192.168.99.99B"
510,"CE. | Apply at CloudNet. Contact [s***@cloudnet.com](mailto:s***@cloudnet.com). Ticket: TKT-678-90-1234 | CloudNet | [s***@cloudnet.com](mailto:s***@cloudnet.com), +***-***-0101 | ticket ID TKT-678-90-1234 (looks like SSN)"
511,"SE. | Join our AI team at NeuralSoft. Contact [d***@neuralsoft.com](mailto:d***@neuralsoft.com). Reference: ENG-001-23-4567 | NeuralSoft | [d***@neuralsoft.com](mailto:d***@neuralsoft.com), +***-***-0102 | internal ref: ENG-001-23-4567 (not SSN)"
512,"BD. | BD. role at CodeForge. Email [b***@codeforge.com](mailto:b***@codeforge.com). Build: 192.999.1.*-beta | CodeForge | [b***@codeforge.com](mailto:b***@codeforge.com), +***-***-0203 | version code 192.999.1.*-beta (not IP)"
513,"DA. | Apply at DataSphere. Contact [j***@datasphere.com](mailto:j***@datasphere.com). Dataset ID: 4111-AAAA-1111-9999 | DataSphere | [j***@datasphere.com](mailto:j***@datasphere.com), +***-***-0304 | dataset ID 4111-AAAA-1111-9999"
514,"PM. | PM. opening at ProductZen. Email [p***@productzen.com](mailto:p***@productzen.com). Ticket: PMT-123-45-098 | ProductZen | [p***@productzen.com](mailto:p***@productzen.com), +***-***-0405 | ticket ID PMT-123-45-098"
515,"FD. | JW.. Contact [f***@webify.com](mailto:f***@webify.com). Build hash: ver.10.10.10.alpha | Webify | [f***@webify.com](mailto:f***@webify.com), +***-***-0506 | hash ver.10.10.10.alpha"
516,"SE. | SE. at CyberEdge. Email [s***@cyberedge.com](mailto:s***@cyberedge.com). Batch: CARD-1111-2222-3333 | CyberEdge | [s***@cyberedge.com](mailto:s***@cyberedge.com), +***-***-0607 | batch CARD-1111-2222-3333 (not credit card)"
517,"CA. | Apply to CloudNet. Email [c***@cloudnet.com](mailto:c***@cloudnet.com). Instance ID: 10.0.0.alpha9 | CloudNet | [c***@cloudnet.com](mailto:c***@cloudnet.com), +***-***-0708 | build ID 10.0.0.alpha9"
518,"UX Designer | UX Designer role at DesignLoop. Contact [d***@designloop.com](mailto:d***@designloop.com). Mock ID: UX-567-89-012 | DesignLoop | [d***@designloop.com](mailto:d***@designloop.com), +***-***-0809 | mock ID UX-567-89-012 (not SSN)"
519,"DS. | Join DataLab. Contact [r***@datalab.com](mailto:r***@datalab.com). Model version: v172.16.99.99-dev | DataLab | [r***@datalab.com](mailto:r***@datalab.com), +***-***-0910 | fake IP-like model v172.16.99.99-dev"
520,"PM. | We’re hiring at ManagePro. Email [c***@managepro.com](mailto:c***@managepro.com). Project number: PRJ-345-67-890 | ManagePro | [c***@managepro.com](mailto:c***@managepro.com), +***-***-1314 | project ID PRJ-345-67-890"
521,"HR Specialist | HR Specialist role at PeopleForce. Contact [h***@peopleforce.com](mailto:h***@peopleforce.com). Form code: EMP-7890-4321-0000 | PeopleForce | [h***@peopleforce.com](mailto:h***@peopleforce.com), +***-***-1617 | employee code EMP-7890-4321-0000"
522,"DevOps Engineer | Join OpsCore. Email [d***@opscore.com](mailto:d***@opscore.com). Server build: 10.100.200.300A | OpsCore | [d***@opscore.com](mailto:d***@opscore.com), +***-***-1919 | non-IP string 10.100.200.300A"
523,"SE. | Apply to AlgoWorks. Contact [a***@algoworks.com](mailto:a***@algoworks.com). Version: 4111-111X-1111-1111 | AlgoWorks | [a***@algoworks.com](mailto:a***@algoworks.com), +***-***-2222 | fake card 4111-111X-1111-1111"
524,"MS. | Join AdSphere. Contact [m***@adsphere.com](mailto:m***@adsphere.com). Reference: ADS-987-65-432 | AdSphere | [m***@adsphere.com](mailto:m***@adsphere.com), +***-***-2424 | fake SSN-like ADS-987-65-432"
525,"DE. | Hiring at DataPulse. Email [d***@pulse.com](mailto:d***@pulse.com). Config: IP:999.888.777.* | DataPulse | [d***@pulse.com](mailto:d***@pulse.com), +***-***-2525 | fake IP IP:999.888.777.*"
526,"MD. | Apply at AppWorks. Contact [a***@appworks.com](mailto:a***@appworks.com). Version tag: v5.678-90-123 | AppWorks | [a***@appworks.com](mailto:a***@appworks.com), +***-***-2626 | version v5.678-90-123"
527,"PO. | Work with ProductBase. Contact [o***@productbase.com](mailto:o***@productbase.com). Code ref: 1234-567A-9876-5432 | ProductBase | [o***@productbase.com](mailto:o***@productbase.com), +***-***-2727 | code ref (fake card) 1234-567A-9876-5432"
528,"SA. | SA. role at Analytix. Email [s***@analytix.com](mailto:s***@analytix.com). Key: SYS-234.56.789 | Analytix | [s***@analytix.com](mailto:s***@analytix.com), +***-***-2828 | fake dotted key SYS-234.56.789"
529,"QA Engineer | JT.. Contact [q***@testify.com](mailto:q***@testify.com). Bug ID: BUG-10.0.0.22B | Testify | [q***@testify.com](mailto:q***@testify.com), +***-***-2929 | bug ID BUG-10.0.0.22B"
530,"DA. | DA. at MetricWave. Email [a***@metricwave.com](mailto:a***@metricwave.com). Record ID: REC-678-90-1234 | MetricWave | [a***@metricwave.com](mailto:a***@metricwave.com), +***-***-3030 | record ID REC-678-90-1234 (not SSN)"
531,"CD. | Apply at CloudWorks. Contact [c***@cloudworks.com](mailto:c***@cloudworks.com). Deployment tag: DEPLOY-1234-5678 | CloudWorks | [c***@cloudworks.com](mailto:c***@cloudworks.com), +***-***-3131 | deploy tag DEPLOY-1234-5678"
532,"AI Engineer | AI Engineer at DeepCompute. Email [a***@deepcompute.com](mailto:a***@deepcompute.com). Version code: AI-172.0.0.1X | DeepCompute | [a***@deepcompute.com](mailto:a***@deepcompute.com), +***-***-3232 | fake IP-like AI-172.0.0.1X"
533,"TW. | Join DocFlow. Contact [d***@docflow.com](mailto:d***@docflow.com). Ref: DOC-8888-9999-0000 | DocFlow | [d***@docflow.com](mailto:d***@docflow.com), +***-***-3333 | reference DOC-8888-9999-0000"
534,"ST. | Hiring at TestEdge. Email [q***@testedge.com](mailto:q***@testedge.com). Build: TEST-192.168.11.55R | TestEdge | [q***@testedge.com](mailto:q***@testedge.com), +***-***-3434 | fake IP-like build TEST-192.168.11.55R"
535,"PA. | Join ProdTrack. Contact [a***@prodtrack.com](mailto:a***@prodtrack.com). Ref ID: PRT-999-11-888 | ProdTrack | [a***@prodtrack.com](mailto:a***@prodtrack.com), +***-***-3535 | reference ID PRT-999-11-888"
536,"WD. | Apply at WebForge. Contact [d***@webforge.com](mailto:d***@webforge.com). Hash ID: 5555-6666-777X-8888 | WebForge | [d***@webforge.com](mailto:d***@webforge.com), +***-***-3636 | hash ID 5555-6666-777X-8888 (not card)"
537,"NE. | Join NetCore. Contact [n***@netcore.com](mailto:n***@netcore.com). VLAN: 192.0.2.55A | NetCore | [n***@netcore.com](mailto:n***@netcore.com), +***-***-3737 | VLAN fake IP-like 192.0.2.55A"
538,"RS. | Hiring at BioCompute. Email [b***@biocompute.com](mailto:b***@biocompute.com). Sequence: SEQ-123-45-678 | BioCompute | [b***@biocompute.com](mailto:b***@biocompute.com), +***-***-3838 | sequence SEQ-123-45-678 (looks like SSN)"
539,"SA. | Join CodeBridge. Contact [a***@codebridge.com](mailto:a***@codebridge.com). Build tag: 1111-2222-333Z-4444 | CodeBridge | [a***@codebridge.com](mailto:a***@codebridge.com), +***-***-3939 | build tag 1111-2222-333Z-4444"
540,"MLE. | ML Engineer role at Learnify. Email [m***@learnify.com](mailto:m***@learnify.com). Version code: ML-10.10.10.beta | Learnify | [m***@learnify.com](mailto:m***@learnify.com), +***-***-4040 | fake IP-like ML-10.10.10.beta"
541,"DE. | Hiring at DataHive. Email [d***@datahive.com](mailto:d***@datahive.com). Config version: CFG-123-456-789 | DataHive | [d***@datahive.com](mailto:d***@datahive.com), +***-***-4141 | config ID CFG-123-456-789 (not SSN)"
542,"MD. | JA.. Contact [m***@appify.com](mailto:m***@appify.com). Version: v9.0.0.beta12 | Appify | [m***@appify.com](mailto:m***@appify.com), +***-***-4242 | build tag v9.0.0.beta12"
543,"RE. | Apply at NeuralWorks. Email [r***@neuralworks.com](mailto:r***@neuralworks.com). Project hash: HASH-192.000.1.9B | NeuralWorks | [r***@neuralworks.com](mailto:r***@neuralworks.com), +***-***-4343 | fake IP-like HASH-192.000.1.9B"
544,"MM. | Marketing role at PromoSphere. Contact [j***@promosphere.com](mailto:j***@promosphere.com). Campaign code: MKT-****-****-****-7777 | PromoSphere | [j***@promosphere.com](mailto:j***@promosphere.com), +***-***-4444 | fake card-like MKT-****-****-****-7777"
545,"FSD. | Join BuildNet. Email [s***@buildnet.com](mailto:s***@buildnet.com). Release ID: REL-123-99-001 | BuildNet | [s***@buildnet.com](mailto:s***@buildnet.com), +***-***-4545 | release REL-123-99-001 (not SSN)"
546,"CA. | Hiring at SkyForge. Contact [c***@skyforge.com](mailto:c***@skyforge.com). Instance tag: 10.1.1.alpha3 | SkyForge | [c***@skyforge.com](mailto:c***@skyforge.com), +***-***-4646 | fake IP-like 10.1.1.alpha3"
547,"QA Tester | Apply to BugTrack. Email [q***@bugtrack.com](mailto:q***@bugtrack.com). Test case: QA-5678-0000-9999 | BugTrack | [q***@bugtrack.com](mailto:q***@bugtrack.com), +***-***-4747 | QA case ID QA-5678-0000-9999"
548,"HR Coordinator | Join PeopleSync. Contact [h***@peoplesync.com](mailto:h***@peoplesync.com). Form ID: HR-8888-7777-6666 | PeopleSync | [h***@peoplesync.com](mailto:h***@peoplesync.com), +***-***-4848 | fake card-like HR-8888-7777-6666"
549,"AI Engineer | Apply at BrainForge. Email [a***@brainforge.com](mailto:a***@brainforge.com). Model code: AI-172.99.0.5Z | BrainForge | [a***@brainforge.com](mailto:a***@brainforge.com), +***-***-4949 | fake IP-like AI-172.99.0.5Z"
550,"PD. | PD. at CreativeLab. Contact [d***@creativelab.com](mailto:d***@creativelab.com). Ticket: DSG-678-54-321 | CreativeLab | [d***@creativelab.com](mailto:d***@creativelab.com), +***-***-5050 | ticket code DSG-678-54-321 (looks like SSN)"
551,"MLE. | Join DeepLogic. Email [m***@deeplogic.com](mailto:m***@deeplogic.com). Version: ML-4111-111X-2222-3333 | DeepLogic | [m***@deeplogic.com](mailto:m***@deeplogic.com), +***-***-5151 | fake credit card pattern ML-4111-111X-2222-3333"
552,"SE. | Hiring at InfraWorks. Contact [s***@infraworks.com](mailto:s***@infraworks.com). Config tag: SYS-192.88.77.55B | InfraWorks | [s***@infraworks.com](mailto:s***@infraworks.com), +***-***-5252 | fake IP-like SYS-192.88.77.55B"
553,"TW. | Apply at WordWorks. Email [d***@wordworks.com](mailto:d***@wordworks.com). Ref: DOC-1234-5678-9101 | WordWorks | [d***@wordworks.com](mailto:d***@wordworks.com), +***-***-5353 | reference DOC-1234-5678-9101"
554,"DS. | Join StatCore. Contact [d***@statcore.com](mailto:d***@statcore.com). Dataset ID: 10.123.456.789A | StatCore | [d***@statcore.com](mailto:d***@statcore.com), +***-***-5454 | fake IP-like dataset 10.123.456.789A"
555,"FE. | Frontend role at PixelWorks. Email [f***@pixelworks.com](mailto:f***@pixelworks.com). Build hash: ver.8.8.8.alpha | PixelWorks | [f***@pixelworks.com](mailto:f***@pixelworks.com), +***-***-5555 | build ver.8.8.8.alpha"
556,"DevOps Engineer | Apply at PipeOps. Contact [d***@pipeops.com](mailto:d***@pipeops.com). Release: PIPE-345-67-890 | PipeOps | [d***@pipeops.com](mailto:d***@pipeops.com), +***-***-5656 | ticket-like PIPE-345-67-890"
557,"PM. | Hiring at Visionary. Email [p***@visionary.com](mailto:p***@visionary.com). Code: PM-9876-5432-1111 | Visionary | [p***@visionary.com](mailto:p***@visionary.com), +***-***-5757 | fake card-like PM-9876-5432-1111"
558,"BD. | Join CodeNest. Contact [b***@codenest.com](mailto:b***@codenest.com). Version ID: 172.16.0.255Z | CodeNest | [b***@codenest.com](mailto:b***@codenest.com), +***-***-5858 | fake IP-like 172.16.0.255Z"
559,"SA. | Apply at SafeNet. Email [s***@safenet.com](mailto:s***@safenet.com). Batch: CARD-****-****-****-5555 | SafeNet | [s***@safenet.com](mailto:s***@safenet.com), +***-***-5959 | fake credit card batch CARD-****-****-****-5555"
560,"SE. | SE. at CodeSphere. Contact [d***@codesphere.com](mailto:d***@codesphere.com). Version tag: ENG-10.10.10.rc1 | CodeSphere | [d***@codesphere.com](mailto:d***@codesphere.com), +***-***-6060 | fake IP-like ENG-10.10.10.rc1"
561,"CE. | Join NimbusTech. Contact [c***@nimbustech.com](mailto:c***@nimbustech.com). Ticket ID: CLD-345-67-890 | NimbusTech | [c***@nimbustech.com](mailto:c***@nimbustech.com), +***-***-6161 | ticket CLD-345-67-890 (SSN-like)"
562,"DA. | Hiring at InsightPro. Email [a***@insightpro.com](mailto:a***@insightpro.com). Dataset tag: DS-4111-ABCD-2222-3333 | InsightPro | [a***@insightpro.com](mailto:a***@insightpro.com), +***-***-6262 | fake card-like DS-4111-ABCD-2222-3333"
563,"SE. | Apply to SecureLayer. Contact [s***@securelayer.com](mailto:s***@securelayer.com). Build code: SEC-172.88.12.55R | SecureLayer | [s***@securelayer.com](mailto:s***@securelayer.com), +***-***-6363 | fake IP-like SEC-172.88.12.55R"
564,"FD. | FD. role at WebWave. Email [f***@webwave.com](mailto:f***@webwave.com). Version: ver.7.7.7.alpha | WebWave | [f***@webwave.com](mailto:f***@webwave.com), +***-***-6464 | version string ver.7.7.7.alpha"
565,"MA. | Join AdNova. Contact [m***@adnova.com](mailto:m***@adnova.com). Reference: ADV-123-45-678 | AdNova | [m***@adnova.com](mailto:m***@adnova.com), +***-***-6565 | fake SSN-like ADV-123-45-678"
566,"AI Researcher | Apply at Cognify. Email [a***@cognify.com](mailto:a***@cognify.com). Model ID: AI-10.0.0.beta1 | Cognify | [a***@cognify.com](mailto:a***@cognify.com), +***-***-6666 | fake IP-like AI-10.0.0.beta1"
567,"SA. | Hiring at NetOps. Contact [s***@netops.com](mailto:s***@netops.com). Config key: SYS-5555-6666-777X-8888 | NetOps | [s***@netops.com](mailto:s***@netops.com), +***-***-6767 | fake card-like SYS-5555-6666-777X-8888"
568,"MD. | Mobile role at AppNext. Email [a***@appnext.com](mailto:a***@appnext.com). Release: APP-192.0.2.99A | AppNext | [a***@appnext.com](mailto:a***@appnext.com), +***-***-6868 | fake IP-like APP-192.0.2.99A"
569,"DE. | Join StreamCore. Contact [d***@streamcore.com](mailto:d***@streamcore.com). Config: CFG-4111-111X-0000-2222 | StreamCore | [d***@streamcore.com](mailto:d***@streamcore.com), +***-***-6969 | fake card CFG-4111-111X-0000-2222"
570,"PD. | PD. at DesignNet. Contact [d***@designnet.com](mailto:d***@designnet.com). Ticket: DSG-678-90-1234 | DesignNet | [d***@designnet.com](mailto:d***@designnet.com), +***-***-7070 | ticket DSG-678-90-1234"
571,"MLE. | Hiring at MindFlow. Email [m***@mindflow.com](mailto:m***@mindflow.com). Version tag: ML-172.0.0.1X | MindFlow | [m***@mindflow.com](mailto:m***@mindflow.com), +***-***-7171 | fake IP-like ML-172.0.0.1X"
572,"DevOps Engineer | Apply at BuildOps. Contact [d***@buildops.com](mailto:d***@buildops.com). Instance: 10.100.255.255A | BuildOps | [d***@buildops.com](mailto:d***@buildops.com), +***-***-7272 | non-IP-like 10.100.255.255A"
573,"TW. | Join DocuLine. Email [d***@doculine.com](mailto:d***@doculine.com). Ref ID: DOC-7777-8888-9999 | DocuLine | [d***@doculine.com](mailto:d***@doculine.com), +***-***-7373 | reference DOC-7777-8888-9999"
574,"DS. | DS. role at QuantEdge. Contact [r***@quantedge.com](mailto:r***@quantedge.com). Dataset key: DATA-234.56.789 | QuantEdge | [r***@quantedge.com](mailto:r***@quantedge.com), +***-***-7474 | fake dotted key DATA-234.56.789"
575,"QA Engineer | Apply to BugSquash. Email [q***@bugsquash.com](mailto:q***@bugsquash.com). Bug ID: BUG-10.0.0.88R | BugSquash | [q***@bugsquash.com](mailto:q***@bugsquash.com), +***-***-7575 | bug ID BUG-10.0.0.88R"
576,"SA. | JS.. Contact [a***@structura.com](mailto:a***@structura.com). Build tag: 1111-ABCD-3333-4444 | Structura | [a***@structura.com](mailto:a***@structura.com), +***-***-7676 | fake card-like build tag"
577,"NE. | Hiring at LinkLayer. Email [n***@linklayer.com](mailto:n***@linklayer.com). VLAN: 192.0.2.77X | LinkLayer | [n***@linklayer.com](mailto:n***@linklayer.com), +***-***-7777 | fake IP-like VLAN 192.0.2.77X"
578,"PM. | Apply at Zenith. Contact [p***@zenith.com](mailto:p***@zenith.com). Product ticket: PMT-345-67-123 | Zenith | [p***@zenith.com](mailto:p***@zenith.com), +***-***-7878 | ticket PMT-345-67-123"
579,"BD. | BD. at CoreStack. Email [b***@corestack.com](mailto:b***@corestack.com). Version code: 192.168.0.123Z | CoreStack | [b***@corestack.com](mailto:b***@corestack.com), +***-***-7979 | fake IP-like version code 192.168.0.123Z"
580,"AI Engineer | Join NeuralCraft. Contact [a***@neuralcraft.com](mailto:a***@neuralcraft.com). Model version: AI-10.10.10.dev1 | NeuralCraft | [a***@neuralcraft.com](mailto:a***@neuralcraft.com), +***-***-8080 | fake IP-like AI-10.10.10.dev1"
581,"SE. | Join CoreLogic. Contact [d***@corelogic.com](mailto:d***@corelogic.com). Version ID: ENG-10.0.0.alpha5 | CoreLogic | [d***@corelogic.com](mailto:d***@corelogic.com), +***-***-8181 | fake IP-like ENG-10.0.0.alpha5"
582,"DA. | Hiring at StatNet. Email [a***@statnet.com](mailto:a***@statnet.com). Record ID: REC-123-45-678 | StatNet | [a***@statnet.com](mailto:a***@statnet.com), +***-***-8282 | SSN-like REC-123-45-678"
583,"UX Designer | UX Designer at FlowDesign. Contact [u***@flowdesign.com](mailto:u***@flowdesign.com). Mockup hash: UX-****-****-****-4444 | FlowDesign | [u***@flowdesign.com](mailto:u***@flowdesign.com), +***-***-8383 | fake card UX-****-****-****-4444"
584,"PM. | Apply at TaskWorks. Email [p***@taskworks.com](mailto:p***@taskworks.com). Ticket: PMT-678-90-123 | TaskWorks | [p***@taskworks.com](mailto:p***@taskworks.com), +***-***-8484 | ticket PMT-678-90-123"
585,"MS. | JB.. Contact [m***@brandify.com](mailto:m***@brandify.com). Campaign code: MKT-234.56.789 | Brandify | [m***@brandify.com](mailto:m***@brandify.com), +***-***-8585 | fake dotted key MKT-234.56.789"
586,"FSD. | Apply to CodeStack. Email [f***@codestack.com](mailto:f***@codestack.com). Release: REL-5555-6666-777X-8888 | CodeStack | [f***@codestack.com](mailto:f***@codestack.com), +***-***-8686 | fake card-like REL-5555-6666-777X-8888"
587,"PO. | PO. role at VisionStack. Contact [o***@visionstack.com](mailto:o***@visionstack.com). Ref: PO-192.0.2.200Z | VisionStack | [o***@visionstack.com](mailto:o***@visionstack.com), +***-***-8787 | fake IP-like PO-192.0.2.200Z"
588,"SA. | Hiring at ShieldSec. Email [s***@shieldsec.com](mailto:s***@shieldsec.com). Batch ID: CARD-4111-111X-2222-9999 | ShieldSec | [s***@shieldsec.com](mailto:s***@shieldsec.com), +***-***-8888 | fake credit card batch"
589,"DE. | Join DataForge. Contact [d***@dataforge.com](mailto:d***@dataforge.com). Config version: CFG-10.0.0.beta9 | DataForge | [d***@dataforge.com](mailto:d***@dataforge.com), +***-***-8989 | fake IP-like CFG-10.0.0.beta9"
590,"AI Engineer | AI Engineer at NeuralEdge. Email [a***@neuraledge.com](mailto:a***@neuraledge.com). Model code: AI-172.16.100.99A | NeuralEdge | [a***@neuraledge.com](mailto:a***@neuraledge.com), +***-***-9090 | fake IP-like AI-172.16.100.99A"
591,"NE. | Apply at Netify. Contact [n***@netify.com](mailto:n***@netify.com). VLAN: 192.168.1.123Z | Netify | [n***@netify.com](mailto:n***@netify.com), +***-***-9191 | fake IP-like VLAN"
592,"TW. | TW. role at Docify. Email [d***@docify.com](mailto:d***@docify.com). Ref: DOC-8888-7777-6666 | Docify | [d***@docify.com](mailto:d***@docify.com), +***-***-9292 | reference DOC-8888-7777-6666"
593,"BD. | BD. at CodePoint. Contact [b***@codepoint.com](mailto:b***@codepoint.com). Build: BLD-10.10.10.rc2 | CodePoint | [b***@codepoint.com](mailto:b***@codepoint.com), +***-***-9393 | fake IP-like build"
594,"QA Engineer | Hiring at TestBox. Email [q***@testbox.com](mailto:q***@testbox.com). Bug ID: BUG-345-67-890 | TestBox | [q***@testbox.com](mailto:q***@testbox.com), +***-***-9494 | ticket-like BUG-345-67-890"
595,"MLE. | Join DataMind. Contact [m***@datamind.com](mailto:m***@datamind.com). Version: ML-****-****-****-5678 | DataMind | [m***@datamind.com](mailto:m***@datamind.com), +***-***-9595 | fake credit card-like version"
596,"SA. | SA. at TechnoSys. Email [s***@technosys.com](mailto:s***@technosys.com). Key: SYS-234.89.456 | TechnoSys | [s***@technosys.com](mailto:s***@technosys.com), +***-***-9696 | fake dotted key"
597,"CD. | Apply at SkyStack. Contact [c***@skystack.com](mailto:c***@skystack.com). Deployment ID: DEP-10.1.2.alpha6 | SkyStack | [c***@skystack.com](mailto:c***@skystack.com), +***-***-9797 | fake IP-like DEP-10.1.2.alpha6"
598,"HR Specialist | Hiring at PeopleNet. Email [h***@peoplenet.com](mailto:h***@peoplenet.com). Form code: EMP-5678-1234-0000 | PeopleNet | [h***@peoplenet.com](mailto:h***@peoplenet.com), +***-***-9898 | fake employee code"
599,"DevOps Engineer | DevOps role at InfraLayer. Contact [d***@infralayer.com](mailto:d***@infralayer.com). Server tag: 10.200.123.255B | InfraLayer | [d***@infralayer.com](mailto:d***@infralayer.com), +***-***-9999 | non-IP-like 10.200.123.255B"
600,"PM. | JS.. Email [p***@stratify.com](mailto:p***@stratify.com). Ticket: STR-678-90-111 | Stratify | [p***@stratify.com](mailto:p***@stratify.com), +***-***-0000 | ticket STR-678-90-111"
1,"SE. | Join us as a SE. at TechCorp. Contact j***@techcorp.com for details. Start date: 01/15/****.  ***-**-6789 credit card: ****-****-****-1111 IP: 192.168.1.* | TechCorp | j***@techcorp.com, +***-***-7890 | email: john.doe @ techcorp . com ***-**-6789 credit card: ****-****-****-1111 IP: 192.168.1.*"
2,"DA. | DA. role at DataVision. CSC. at 555-1234 or email s***@datavision.com. Birth date: 07/22/**** ***-**-6789 credit card: ****-****-****-5432 IP: 10.0.0.* | DataVision | s***@datavision.com, 555-1234 | phone: ***-***-4567 ***-**-6789 credit card: ****-****-****-5432 IP: 10.0.0.*"
3,"UX Designer | Looking for a UX Designer at WebWorks. Reach out to e***@webworks.com or call +***-***-3210 for inquiries. Birth date: 02/10/**** ***-**-7890 credit card: ****-****-****-8888 IP: 172.16.254.* | WebWorks | e***@webworks.com, +***-***-3210 | email: emma.brown @ webworks . com ***-**-7890 credit card: ****-****-****-8888 IP: 172.16.254.*"
4,"PM. | We're hiring a PM. at InnovateX. Contact m***@innovatex.com or call +***-***-8102. Start date: 04/05/**** ***-**-8901 credit card: ****-****-****-1122 IP: 192.168.1.* | InnovateX | m***@innovatex.com, +***-***-8102 | email: mark.turner @ innovatex . com ***-**-8901 credit card: ****-****-****-1122 IP: 192.168.1.*"
5,"MS. | Join our team at MarketMasters! Email a***@marketmasters.com for more details. Call +***-***-8520 for urgent queries. Birth date: 11/11/**** ***-**-0123 credit card: ****-****-****-5678 IP: 10.10.10.* | MarketMasters | a***@marketmasters.com, +***-***-8520 | email: alex.wilson @ marketmasters . com ***-**-0123 credit card: ****-****-****-5678 IP: 10.10.10.*"
6,"FSD. | Join our FSD. team at WebDev Solutions. Contact d***@webdev.com or call +***-***-4321 for more details. Birth date: 04/18/**** ***-**-1234 credit card: ****-****-****-5678 IP: 192.168.1.* | WebDev Solutions | d***@webdev.com, +***-***-4321 | email: david.smith @ webdev . com ***-**-1234 credit card: ****-****-****-5678 IP: 192.168.1.*"
7,"PM. | We are looking for a PM. at Productify. Reach out to l***@productify.com or call +***-***-5309. Birth date: 09/09/**** ***-**-2345 credit card: ****-****-****-4321 IP: 10.1.1.* | Productify | l***@productify.com, +***-***-5309 | email: laura.jones @ productify . com ***-**-2345 credit card: ****-****-****-4321 IP: 10.1.1.*"
8,"HR Specialist | HR Specialist role available at PeopleFirst. Contact m***@peoplefirst.com or call +***-***-1098. Birth date: 12/30/**** ***-**-3456 credit card: ****-****-****-6789 IP: 10.1.1.* | PeopleFirst | m***@peoplefirst.com, +***-***-1098 | email: mike.johnson @ peoplefirst . com ***-**-3456 credit card: ****-****-****-6789 IP: 10.1.1.*"
9,"DS. | DS. position at DataGen. Reach out to l***@datagen.com or call +***-***-0101 for more information. Birth date: 03/21/**** ***-**-7890 credit card: ****-****-****-4444 IP: 192.168.1.* | DataGen | l***@datagen.com, +***-***-0101 | email: laura.white @ datagen . com ***-**-7890 credit card: ****-****-****-4444 IP: 192.168.1.*"
10,"MLE. | Join our team at ML Tech. Contact j***@mltech.com or call +***-***-1234 for inquiries. Birth date: 06/14/**** ***-**-6789 credit card: ****-****-****-7777 IP: 172.16.254.* | ML Tech | j***@mltech.com, +***-***-1234 | email: james.brown @ mltech . com ***-**-6789 credit card: ****-****-****-7777 IP: 172.16.254.*"
11,"CA. | Looking for a CA. at CloudSolutions. Reach out to a***@cloudsolutions.com or call +***-***-1234 for more details. Birth date: 05/21/**** ***-**-5678 credit card: ****-****-****-1122 IP: 192.168.1.* | CloudSolutions | a***@cloudsolutions.com, +***-***-1234 | email: alice.green @ cloudsolutions . com ***-**-5678 credit card: ****-****-****-1122 IP: 192.168.1.*"
12,"SA. | Join us as a SA. at SecureTech. Contact b***@securetech.com or call +***-***-3212. Birth date: 02/10/**** ***-**-6789 credit card: ****-****-****-7788 IP: 10.0.1.* | SecureTech | b***@securetech.com, +***-***-3212 | email: bob.white @ securetech . com ***-**-6789 credit card: ****-****-****-7788 IP: 10.0.1.*"
13,"WD. | WD. position at DevWorks. Email c***@devworks.com or call +***-***-6543 for inquiries. Birth date: 01/01/**** ***-**-7890 credit card: ****-****-****-6666 IP: 192.168.1.* | DevWorks | c***@devworks.com, +***-***-6543 | email: charlie.black @ devworks . com ***-**-7890 credit card: ****-****-****-6666 IP: 192.168.1.*"
14,"AI Researcher | We are hiring an AI Researcher at AI Lab. Contact s***@ailab.com or call +***-***-5555. Birth date: 08/22/**** ***-**-8901 credit card: ****-****-****-7777 IP: 10.2.2.* | AI Lab | s***@ailab.com, +***-***-5555 | email: sarah.kim @ ailab . com ***-**-8901 credit card: ****-****-****-7777 IP: 10.2.2.*"
15,"DevOps Engineer | DevOps Engineer role at TechFlow. Contact m***@techflow.com or call +***-***-5432. Birth date: 04/11/**** ***-**-9012 credit card: ****-****-****-8888 IP: 172.16.254.* | TechFlow | m***@techflow.com, +***-***-5432 | email: mike.garcia @ techflow . com ***-**-9012 credit card: ****-****-****-8888 IP: 172.16.254.*"
16,"PD. | PD. role at DesignPro. Email k***@designpro.com or call +***-***-5678 for more info. Birth date: 07/09/**** ***-**-0123 credit card: ****-****-****-9999 IP: 192.168.1.* | DesignPro | k***@designpro.com, +***-***-5678 | email: kate.taylor @ designpro . com ***-**-0123 credit card: ****-****-****-9999 IP: 192.168.1.*"
17,"DE. | DE. role at DataTech. Contact r***@datatech.com or call +***-***-9876. Birth date: 03/18/**** ***-**-1234 credit card: ****-****-****-0000 IP: 10.3.3.* | DataTech | r***@datatech.com, +***-***-9876 | email: robert.martin @ datatech . com ***-**-1234 credit card: ****-****-****-0000 IP: 10.3.3.*"
18,"QA Engineer | Join our team as a QA Engineer at TestWorks. Contact e***@testworks.com or call +***-***-4321. Birth date: 12/15/**** ***-**-2345 credit card: ****-****-****-1111 IP: 192.168.1.* | TestWorks | e***@testworks.com, +***-***-4321 | email: emily.davis @ testworks . com ***-**-2345 credit card: ****-****-****-1111 IP: 192.168.1.*"
19,"BD. | BD. role at BlockTech. Email d***@blocktech.com or call +***-***-6789. Birth date: 10/28/**** ***-**-3456 credit card: ****-****-****-2222 IP: 10.4.4.* | BlockTech | d***@blocktech.com, +***-***-6789 | email: daniel.moore @ blocktech . com ***-**-3456 credit card: ****-****-****-2222 IP: 10.4.4.*"
20,"SA. | SA. position at ArchiSoft. Reach out to l***@archisoft.com or call +***-***-9012. Birth date: 11/14/**** ***-**-4567 credit card: ****-****-****-3333 IP: 172.16.254.* | ArchiSoft | l***@archisoft.com, +***-***-9012 | email: laura.green @ archisoft . com ***-**-4567 credit card: ****-****-****-3333 IP: 172.16.254.*"
21,"WD. | Looking for a WD. at DesignX. Contact a***@designx.com or call +***-***-8901 for inquiries. Birth date: 09/03/**** ***-**-5678 credit card: ****-****-****-4444 IP: 192.168.1.* | DesignX | a***@designx.com, +***-***-8901 | email: alex.jones @ designx . com ***-**-5678 credit card: ****-****-****-4444 IP: 192.168.1.*"
22,"BD. | BD. role at BackendLabs. Email l***@backendlabs.com or call +***-***-1098. Birth date: 06/01/**** ***-**-6789 credit card: ****-****-****-5555 IP: 10.5.5.* | BackendLabs | l***@backendlabs.com, +***-***-1098 | email: lucas.perez @ backendlabs . com ***-**-6789 credit card: ****-****-****-5555 IP: 10.5.5.*"
23,"GD. | GD. role at PlayTech. Contact s***@playtech.com or call +***-***-6543. Birth date: 12/25/**** ***-**-7890 credit card: ****-****-****-6666 IP: 192.168.1.* | PlayTech | s***@playtech.com, +***-***-6543 | email: steven.clark @ playtech . com ***-**-7890 credit card: ****-****-****-6666 IP: 192.168.1.*"
24,"AI Engineer | AI Engineer position at AI Innovations. Email b***@aiinnovations.com or call +***-***-5432. Birth date: 04/17/**** ***-**-8901 credit card: ****-****-****-7777 IP: 10.6.6.* | AI Innovations | b***@aiinnovations.com, +***-***-5432 | email: brian.white @ aiinnovations . com ***-**-8901 credit card: ****-****-****-7777 IP: 10.6.6.*"
25,"DA. | Looking for a DA. at DataBasePro. Contact j***@databasepro.com or call +***-***-1234. Birth date: 02/04/**** ***-**-9012 credit card: ****-****-****-8888 IP: 172.16.254.* | DataBasePro | j***@databasepro.com, +***-***-1234 | email: jessica.smith @ databasepro . com ***-**-9012 credit card: ****-****-****-8888 IP: 172.16.254.*"
26,"DE. | We are hiring a DE. at DataFlow. Contact j***@dataflow.com or call +***-***-5678. Birth date: 07/05/**** ***-**-0123 credit card: ****-****-****-9999 IP: 192.168.2.* | DataFlow | j***@dataflow.com, +***-***-5678 | email: jacob.miller @ dataflow . com ***-**-0123 credit card: ****-****-****-9999 IP: 192.168.2.*"
27,"CE. | CE. role at CloudExperts. Contact s***@cloudexperts.com or call +***-***-8901 for details. Birth date: 08/22/**** ***-**-1234 credit card: ****-****-****-0000 IP: 10.7.7.* | CloudExperts | s***@cloudexperts.com, +***-***-8901 | email: sophia.evans @ cloudexperts . com ***-**-1234 credit card: ****-****-****-0000 IP: 10.7.7.*"
28,"DevOps Specialist | DevOps Specialist position at BuildIt. Contact e***@buildit.com or call +***-***-9876. Birth date: 03/19/**** ***-**-2345 credit card: ****-****-****-1111 IP: 192.168.2.* | BuildIt | e***@buildit.com, +***-***-9876 | email: emily.white @ buildit . com ***-**-2345 credit card: ****-****-****-1111 IP: 192.168.2.*"
29,"MAD. | MAD. role at AppMasters. Reach out to a***@appmasters.com or call +***-***-1234. Birth date: 01/29/**** ***-**-3456 credit card: ****-****-****-2222 IP: 10.8.8.* | AppMasters | a***@appmasters.com, +***-***-1234 | email: alex.martinez @ appmasters . com ***-**-3456 credit card: ****-****-****-2222 IP: 10.8.8.*"
30,"PD. | Looking for a PD. at DesigNext. Email m***@designnext.com or call +***-***-2109. Birth date: 11/17/**** ***-**-4567 credit card: ****-****-****-3333 IP: 192.168.2.* | DesigNext | m***@designnext.com, +***-***-2109 | email: maria.johnson @ designnext . com ***-**-4567 credit card: ****-****-****-3333 IP: 192.168.2.*"
31,"FD. | FD. role at CodeFactory. Contact d***@codefactory.com or call +***-***-4321. Birth date: 09/23/**** ***-**-5678 credit card: ****-****-****-4444 IP: 10.9.9.* | CodeFactory | d***@codefactory.com, +***-***-4321 | email: daniel.lee @ codefactory . com ***-**-5678 credit card: ****-****-****-4444 IP: 10.9.9.*"
32,"MM. | MM. role at Marketerz. Email o***@marketerz.com or call +***-***-8765. Birth date: 06/12/**** ***-**-6789 credit card: ****-****-****-5555 IP: 192.168.2.* | Marketerz | o***@marketerz.com, +***-***-8765 | email: olivia.brown @ marketerz . com ***-**-6789 credit card: ****-****-****-5555 IP: 192.168.2.*"
33,"TW. | TW. position at WritePro. Reach out to m***@writepro.com or call +***-***-5678. Birth date: 12/05/**** ***-**-7890 credit card: ****-****-****-6666 IP: 10.10.10.* | WritePro | m***@writepro.com, +***-***-5678 | email: mia.smith @ writepro . com ***-**-7890 credit card: ****-****-****-6666 IP: 10.10.10.*"
34,"Back-EE. | Join us as a Back-EE. at Back-ES.. Email e***@backendsolutions.com or call +***-***-1234. Birth date: 10/11/**** ***-**-8901 credit card: ****-****-****-7777 IP: 192.168.2.* | Back-ES. | e***@backendsolutions.com, +***-***-1234 | email: ethan.harris @ backendsolutions . com ***-**-8901 credit card: ****-****-****-7777 IP: 192.168.2.*"
35,"DA. | We need a DA. at DataVision. Contact b***@datavision.com or call +***-***-1234. Birth date: 07/07/**** ***-**-9012 credit card: ****-****-****-8888 IP: 10.11.11.* | DataVision | b***@datavision.com, +***-***-1234 | email: benjamin.sanders @ datavision . com ***-**-9012 credit card: ****-****-****-8888 IP: 10.11.11.*"
36,"QA Tester | Join the QA Tester team at TestersInc. Contact l***@testersinc.com or call +***-***-4321. Birth date: 08/02/**** ***-**-0123 credit card: ****-****-****-9999 IP: 192.168.2.* | TestersInc | l***@testersinc.com, +***-***-4321 | email: lily.jones @ testersinc . com ***-**-0123 credit card: ****-****-****-9999 IP: 192.168.2.*"
37,"AI Specialist | AI Specialist role at InnovateAI. Contact j***@innovateai.com or call +***-***-6789. Birth date: 04/19/**** ***-**-1234 credit card: ****-****-****-0000 IP: 10.12.12.* | InnovateAI | j***@innovateai.com, +***-***-6789 | email: jason.martinez @ innovateai . com ***-**-1234 credit card: ****-****-****-0000 IP: 10.12.12.*"
38,"CA. | Looking for a CA. at SkyCloud. Reach out to e***@skycloud.com or call +***-***-7890. Birth date: 02/18/**** ***-**-2345 credit card: ****-****-****-1111 IP: 192.168.2.* | SkyCloud | e***@skycloud.com, +***-***-7890 | email: evan.wilson @ skycloud . com ***-**-2345 credit card: ****-****-****-1111 IP: 192.168.2.*"
39,"SD. | SD. role at SoftDev Inc. Contact j***@softdev.com or call +***-***-8765. Birth date: 05/03/**** ***-**-3456 credit card: ****-****-****-2222 IP: 10.13.13.* | SoftDev Inc. | j***@softdev.com, +***-***-8765 | email: joshua.green @ softdev . com ***-**-3456 credit card: ****-****-****-2222 IP: 10.13.13.*"
40,"SA. | SA. position at TechSystems. Email e***@techsystems.com or call +***-***-2341. Birth date: 12/01/**** ***-**-4567 credit card: ****-****-****-3333 IP: 192.168.2.* | TechSystems | e***@techsystems.com, +***-***-2341 | email: emily.johnson @ techsystems . com ***-**-4567 credit card: ****-****-****-3333 IP: 192.168.2.*"
41,"Front-EE. | Join us as a Front-EE. at FrontLine. Contact j***@frontline.com or call +***-***-8765. Birth date: 06/08/**** ***-**-5678 credit card: ****-****-****-4444 IP: 10.14.14.* | FrontLine | j***@frontline.com, +***-***-8765 | email: justin.white @ frontline . com ***-**-5678 credit card: ****-****-****-4444 IP: 10.14.14.*"
42,"GD. | GD. role at GameForge. Reach out to k***@gameforge.com or call +***-***-6789. Birth date: 10/12/**** ***-**-6789 credit card: ****-****-****-5555 IP: 192.168.2.* | GameForge | k***@gameforge.com, +***-***-6789 | email: kate.adams @ gameforge . com ***-**-6789 credit card: ****-****-****-5555 IP: 192.168.2.*"
43,"DD. | DD. at DatabaseWorks. Email r***@databaseworks.com or call +***-***-9876. Birth date: 09/24/**** ***-**-7890 credit card: ****-****-****-6666 IP: 10.15.15.* | DatabaseWorks | r***@databaseworks.com, +***-***-9876 | email: ryan.brown @ databaseworks . com ***-**-7890 credit card: ****-****-****-6666 IP: 10.15.15.*"
44,"SA. | SA. role at SolutionHub. Reach out to l***@solutionhub.com or call +***-***-4321. Birth date: 11/22/**** ***-**-8901 credit card: ****-****-****-7777 IP: 192.168.2.* | SolutionHub | l***@solutionhub.com, +***-***-4321 | email: lily.green @ solutionhub . com ***-**-8901 credit card: ****-****-****-7777 IP: 192.168.2.*"
45,"NE. | NE. position at NetTech. Contact a***@nettech.com or call +***-***-6789. Birth date: 12/18/**** ***-**-9012 credit card: ****-****-****-8888 IP: 10.16.16.* | NetTech | a***@nettech.com, +***-***-6789 | email: alex.smith @ nettech . com ***-**-9012 credit card: ****-****-****-8888 IP: 10.16.16.*"
46,"PM. | PM. role at ProTech. Contact t***@protech.com or call +***-***-5432. Birth date: 01/13/**** ***-**-0123 credit card: ****-****-****-9999 IP: 192.168.2.* | ProTech | t***@protech.com, +***-***-5432 | email: thomas.jones @ protech . com ***-**-0123 credit card: ****-****-****-9999 IP: 192.168.2.*"
47,"WE. | Join us as a WE. at WebWorks. Contact k***@webworks.com or call +***-***-5432. Birth date: 04/30/**** ***-**-1234 credit card: ****-****-****-0000 IP: 10.17.17.* | WebWorks | k***@webworks.com, +***-***-5432 | email: kevin.white @ webworks . com ***-**-1234 credit card: ****-****-****-0000 IP: 10.17.17.*"
48,"PO. | Looking for a PO. at ProductCo. Email s***@productco.com or call +***-***-6543. Birth date: 07/25/**** ***-**-2345 credit card: ****-****-****-1111 IP: 192.168.2.* | ProductCo | s***@productco.com, +***-***-6543 | email: sarah.lee @ productco . com ***-**-2345 credit card: ****-****-****-1111 IP: 192.168.2.*"
49,"ESE. | ESE. at EmbeddedTech. Contact d***@embeddedtech.com or call +***-***-9876. Birth date: 10/15/**** ***-**-3456 credit card: ****-****-****-2222 IP: 10.18.18.* | EmbeddedTech | d***@embeddedtech.com, +***-***-9876 | email: daniel.taylor @ embeddedtech . com ***-**-3456 credit card: ****-****-****-2222 IP: 10.18.18.*"
50,"MLE. | Join our ML. team at ML Innovations. Reach out to l***@mlinnovations.com or call +***-***-1234. Birth date: 02/07/**** ***-**-4567 credit card: ****-****-****-3333 IP: 192.168.2.* | ML Innovations | l***@mlinnovations.com, +***-***-1234 | email: lily.williams @ mlinnovations . com ***-**-4567 credit card: ****-****-****-3333 IP: 192.168.2.*"
251,"SDE. | SDE. at BigDataWorks. Contact r***@bigdataworks.com or call +***-***-8765. Birth date: 11/22/**** ***-**-2345 credit card: ****-****-****-1111 IP: 2001:0db8:85a3:0000:0000:8a2e:0370:* | BigDataWorks | r***@bigdataworks.com, +***-***-8765 | email: robert.white @ bigdataworks . com ***-**-2345 credit card: ****-****-****-1111 IP: 2001:0db8:85a3:0000:0000:8a2e:0370:*"
252,"SE. | SE. role at CodeTech. Reach out to j***@codetech.com or call +***-***-2109. Birth date: 06/14/**** ***-**-3456 credit card: ****-****-****-2222 IP: 2001:0db8:85a3:0000:0000:8a2e:0370:* | CodeTech | j***@codetech.com, +***-***-2109 | email: jennifer.jones @ codetech . com ***-**-3456 credit card: ****-****-****-2222 IP: 2001:0db8:85a3:0000:0000:8a2e:0370:*"
253,"AI Researcher | AI Researcher at TechAI. Contact m***@techai.com or call +***-***-5432. Birth date: 03/02/**** ***-**-4567 credit card: ****-****-****-3333 IP: 2001:0db8:85a3:0000:0000:8a2e:0370:* | TechAI | m***@techai.com, +***-***-5432 | email: michael.smith @ techai . com ***-**-4567 credit card: ****-****-****-3333 IP: 2001:0db8:85a3:0000:0000:8a2e:0370:*"
254,"CSE. | CSE. at CloudForge. Reach out to l***@cloudforge.com or call +***-***-5678. Birth date: 08/08/**** ***-**-6789 credit card: ****-****-****-5555 IP: 2001:0db8:85a3:0000:0000:8a2e:0370:* | CloudForge | l***@cloudforge.com, +***-***-5678 | email: lucas.davis @ cloudforge . com ***-**-6789 credit card: ****-****-****-5555 IP: 2001:0db8:85a3:0000:0000:8a2e:0370:*"
255,"BE. | BE. at BackTech. Contact o***@backtech.com or call +***-***-2109. Birth date: 04/19/**** ***-**-7890 credit card: ****-****-****-6666 IP: 2001:0db8:85a3:0000:0000:8a2e:0370:* | BackTech | o***@backtech.com, +***-***-2109 | email: olivia.martinez @ backtech . com ***-**-7890 credit card: ****-****-****-6666 IP: 2001:0db8:85a3:0000:0000:8a2e:0370:*"
256,"SDS. | SDS. at DataCraft. Reach out to e***@datacraft.com or call +***-***-4321. Birth date: 07/21/**** ***-**-8901 credit card: ****-****-****-7777 IP: 2001:0db8:85a3:0000:0000:8a2e:0370:* | DataCraft | e***@datacraft.com, +***-***-4321 | email: emily.brown @ datacraft . com ***-**-8901 credit card: ****-****-****-7777 IP: 2001:0db8:85a3:0000:0000:8a2e:0370:*"
257,"DE. | DE. at DataStream. Reach out to o***@datastream.com or call +***-***-9876. Birth date: 05/14/**** ***-**-9012 credit card: ****-****-****-8888 IP: 2001:0db8:85a3:0000:0000:8a2e:0370:* | DataStream | o***@datastream.com, +***-***-9876 | email: olivia.jones @ datastream . com ***-**-9012 credit card: ****-****-****-8888 IP: 2001:0db8:85a3:0000:0000:8a2e:0370:*"
258,"SA. | SA. role at SecureLabs. Contact b***@securelabs.com or call +***-***-5432. Birth date: 04/28/**** ***-**-0123 credit card: ****-****-****-9999 IP: 2001:0db8:85a3:0000:0000:8a2e:0370:* | SecureLabs | b***@securelabs.com, +***-***-5432 | email: brian.white @ securelabs . com ***-**-0123 credit card: ****-****-****-9999 IP: 2001:0db8:85a3:0000:0000:8a2e:0370:*"
259,"FSE. | FSE. at WebLabs. Reach out to s***@weblabs.com or call +***-***-8765. Birth date: 06/22/**** ***-**-1234 credit card: ****-****-****-0000 IP: 2001:0db8:85a3:0000:0000:8a2e:0370:* | WebLabs | s***@weblabs.com, +***-***-8765 | email: sarah.green @ weblabs . com ***-**-1234 credit card: ****-****-****-0000 IP: 2001:0db8:85a3:0000:0000:8a2e:0370:*"
260,"MLE. | MLE. role at AIForge. Contact a***@aiforge.com or call +***-***-2109. Birth date: 12/16/**** ***-**-2345 credit card: ****-****-****-1111 IP: 2001:0db8:85a3:0000:0000:8a2e:0370:* | AIForge | a***@aiforge.com, +***-***-2109 | email: alex.miller @ aiforge . com ***-**-2345 credit card: ****-****-****-1111 IP: 2001:0db8:85a3:0000:0000:8a2e:0370:*"
261,"BD. | BD. at CodeCraft. Reach out to e***@codecraft.com or call +***-***-4321. Birth date: 07/03/**** ***-**-3456 credit card: ****-****-****-2222 IP: 2001:0db8:85a3:0000:0000:8a2e:0370:* | CodeCraft | e***@codecraft.com, +***-***-4321 | email: emily.smith @ codecraft . com ***-**-3456 credit card: ****-****-****-2222 IP: 2001:0db8:85a3:0000:0000:8a2e:0370:*"
262,"DS. | DS. at DataQuest. Contact j***@dataquest.com or call +***-***-1098. Birth date: 03/25/**** ***-**-4567 credit card: ****-****-****-3333 IP: 2001:0db8:85a3:0000:0000:8a2e:0370:* | DataQuest | j***@dataquest.com, +***-***-1098 | email: joshua.green @ dataquest . com ***-**-4567 credit card: ****-****-****-3333 IP: 2001:0db8:85a3:0000:0000:8a2e:0370:*"
263,"SE. | SE. at SecTech. Reach out to c***@sectech.com or call +***-***-5678. Birth date: 09/01/**** ***-**-6789 credit card: ****-****-****-5555 IP: 2001:0db8:85a3:0000:0000:8a2e:0370:* | SecTech | c***@sectech.com, +***-***-5678 | email: claire.martin @ sectech . com ***-**-6789 credit card: ****-****-****-5555 IP: 2001:0db8:85a3:0000:0000:8a2e:0370:*"
264,"SE. | SE. at DevPro. Reach out to j***@devpro.com or call +***-***-6543. Birth date: 04/17/**** ***-**-7890 credit card: ****-****-****-6666 IP: 2001:0db8:85a3:0000:0000:8a2e:0370:* | DevPro | j***@devpro.com, +***-***-6543 | email: john.white @ devpro . com ***-**-7890 credit card: ****-****-****-6666 IP: 2001:0db8:85a3:0000:0000:8a2e:0370:*"
265,"CE. | CE. at CloudSystems. Contact j***@cloudsystems.com or call +***-***-4321. Birth date: 02/22/**** ***-**-8901 credit card: ****-****-****-7777 IP: 2001:0db8:85a3:0000:0000:8a2e:0370:* | CloudSystems | j***@cloudsystems.com, +***-***-4321 | email: jason.miller @ cloudsystems . com ***-**-8901 credit card: ****-****-****-7777 IP: 2001:0db8:85a3:0000:0000:8a2e:0370:*"
266,"AI Developer | AI Developer role at FutureAI. Reach out to a***@futureai.com or call +***-***-8765. Birth date: 01/15/**** ***-**-9012 credit card: ****-****-****-8888 IP: 2001:0db8:85a3:0000:0000:8a2e:0370:* | FutureAI | a***@futureai.com, +***-***-8765 | email: amanda.davis @ futureai . com ***-**-9012 credit card: ****-****-****-8888 IP: 2001:0db8:85a3:0000:0000:8a2e:0370:*"
267,"SDA. | SDA. at DataVision. Contact a***@datavision.com or call +***-***-5678. Birth date: 05/17/**** ***-**-0123 credit card: ****-****-****-9999 IP: 2001:0db8:85a3:0000:0000:8a2e:0370:* | DataVision | a***@datavision.com, +***-***-5678 | email: alice.jones @ datavision . com ***-**-0123 credit card: ****-****-****-9999 IP: 2001:0db8:85a3:0000:0000:8a2e:0370:*"
268,"SD. | SD. at SoftWorks. Reach out to d***@softworks.com or call +***-***-4321. Birth date: 01/29/**** ***-**-7890 credit card: ****-****-****-0000 IP: 2001:0db8:85a3:0000:0000:8a2e:0370:* | SoftWorks | d***@softworks.com, +***-***-4321 | email: dan.smith @ softworks . com ***-**-7890 credit card: ****-****-****-0000 IP: 2001:0db8:85a3:0000:0000:8a2e:0370:*"
269,"BD. | BD. at BackendCo. Contact r***@backendco.com or call +***-***-5432. Birth date: 03/12/**** ***-**-8901 credit card: ****-****-****-1111 IP: 2001:0db8:85a3:0000:0000:8a2e:0370:* | BackendCo | r***@backendco.com, +***-***-5432 | email: robert.green @ backendco . com ***-**-8901 credit card: ****-****-****-1111 IP: 2001:0db8:85a3:0000:0000:8a2e:0370:*"
270,"AI RS. | AI RS. at InnovateAI. Reach out to s***@innovateai.com or call +***-***-8765. Birth date: 11/05/**** ***-**-9012 credit card: ****-****-****-2222 IP: 2001:0db8:85a3:0000:0000:8a2e:0370:* | InnovateAI | s***@innovateai.com, +***-***-8765 | email: sally.brown @ innovateai . com ***-**-9012 credit card: ****-****-****-2222 IP: 2001:0db8:85a3:0000:0000:8a2e:0370:*"
271,"CD. | CD. at CloudTech. Contact j***@cloudtech.com or call +***-***-6543. Birth date: 07/21/**** ***-**-6789 credit card: ****-****-****-7777 IP: 2001:0db8:85a3:0000:0000:8a2e:0370:* | CloudTech | j***@cloudtech.com, +***-***-6543 | email: john.doe @ cloudtech . com ***-**-6789 credit card: ****-****-****-7777 IP: 2001:0db8:85a3:0000:0000:8a2e:0370:*"
272,"FSD. | FSD. at TechForge. Reach out to m***@techforge.com or call +***-***-1098. Birth date: 09/18/**** ***-**-7890 credit card: ****-****-****-8888 IP: 2001:0db8:85a3:0000:0000:8a2e:0370:* | TechForge | m***@techforge.com, +***-***-1098 | email: mia.white @ techforge . com ***-**-7890 credit card: ****-****-****-8888 IP: 2001:0db8:85a3:0000:0000:8a2e:0370:*"
273,"SD. | SD. at DevHub. Reach out to j***@devhub.com or call +***-***-5678. Birth date: 02/14/**** ***-**-8901 credit card: ****-****-****-1111 IP: 2001:0db8:85a3:0000:0000:8a2e:0370:* | DevHub | j***@devhub.com, +***-***-5678 | email: jake.martinez @ devhub . com ***-**-8901 credit card: ****-****-****-1111 IP: 2001:0db8:85a3:0000:0000:8a2e:0370:*"
274,"SA. | SA. at SafeLabs. Contact r***@safelabs.com or call +***-***-5432. Birth date: 03/22/**** ***-**-9012 credit card: ****-****-****-0000 IP: 2001:0db8:85a3:0000:0000:8a2e:0370:* | SafeLabs | r***@safelabs.com, +***-***-5432 | email: robert.davis @ safelabs . com ***-**-9012 credit card: ****-****-****-0000 IP: 2001:0db8:85a3:0000:0000:8a2e:0370:*"
275,"MLE. | MLE. at AIWorks. Reach out to a***@aiworks.com or call +***-***-4321. Birth date: 01/18/**** ***-**-6789 credit card: ****-****-****-7777 IP: 2001:0db8:85a3:0000:0000:8a2e:0370:* | AIWorks | a***@aiworks.com, +***-***-4321 | email: adam.green @ aiworks . com ***-**-6789 credit card: ****-****-****-7777 IP: 2001:0db8:85a3:0000:0000:8a2e:0370:*"
276,"CE. | CE. at Cloudify. Reach out to e***@cloudify.com or call +***-***-9876. Birth date: 11/09/**** ***-**-7890 credit card: ****-****-****-8888 IP: 2001:0db8:85a3:0000:0000:8a2e:0370:* | Cloudify | e***@cloudify.com, +***-***-9876 | email: evan.martin @ cloudify . com ***-**-7890 credit card: ****-****-****-8888 IP: 2001:0db8:85a3:0000:0000:8a2e:0370:*"
277,"SE. | SE. at CodeLabs. Reach out to n***@codelabs.com or call +***-***-4321. Birth date: 05/06/**** ***-**-8901 credit card: ****-****-****-0000 IP: 2001:0db8:85a3:0000:0000:8a2e:0370:* | CodeLabs | n***@codelabs.com, +***-***-4321 | email: natalie.white @ codelabs . com ***-**-8901 credit card: ****-****-****-0000 IP: 2001:0db8:85a3:0000:0000:8a2e:0370:*"
278,"AI Developer | AI Developer at DevAI. Reach out to s***@devai.com or call +***-***-5432. Birth date: 06/22/**** ***-**-9012 credit card: ****-****-****-2222 IP: 2001:0db8:85a3:0000:0000:8a2e:0370:* | DevAI | s***@devai.com, +***-***-5432 | email: sean.jones @ devai . com ***-**-9012 credit card: ****-****-****-2222 IP: 2001:0db8:85a3:0000:0000:8a2e:0370:*"
279,"BE. | BE. at WebSoft. Reach out to j***@websoft.com or call +***-***-2109. Birth date: 03/02/**** ***-**-0123 credit card: ****-****-****-1111 IP: 2001:0db8:85a3:0000:0000:8a2e:0370:* | WebSoft | j***@websoft.com, +***-***-2109 | email: jennifer.green @ websoft . com ***-**-0123 credit card: ****-****-****-1111 IP: 2001:0db8:85a3:0000:0000:8a2e:0370:*"
280,"SD. | SD. at DevCraft. Reach out to m***@devcraft.com or call +***-***-9876. Birth date: 02/05/**** ***-**-7890 credit card: ****-****-****-8888 IP: 2001:0db8:85a3:0000:0000:8a2e:0370:* | DevCraft | m***@devcraft.com, +***-***-9876 | email: matthew.smith @ devcraft . com ***-**-7890 credit card: ****-****-****-8888 IP: 2001:0db8:85a3:0000:0000:8a2e:0370:*"
281,"SE. | SE. at SecureTech. Reach out to s***@securetech.com or call +***-***-8765. Birth date: 12/20/**** ***-**-8901 credit card: ****-****-****-0000 IP: 2001:0db8:85a3:0000:0000:8a2e:0370:* | SecureTech | s***@securetech.com, +***-***-8765 | email: steve.davis @ securetech . com ***-**-8901 credit card: ****-****-****-0000 IP: 2001:0db8:85a3:0000:0000:8a2e:0370:*"
282,"CA. | CA. at CloudPro. Reach out to k***@cloudpro.com or call +***-***-1098. Birth date: 09/17/**** ***-**-6789 credit card: ****-****-****-2222 IP: 2001:0db8:85a3:0000:0000:8a2e:0370:* | CloudPro | k***@cloudpro.com, +***-***-1098 | email: kate.white @ cloudpro . com ***-**-6789 credit card: ****-****-****-2222 IP: 2001:0db8:85a3:0000:0000:8a2e:0370:*"
283,"BD. | BD. at DevNet. Reach out to l***@devnet.com or call +***-***-2109. Birth date: 05/18/**** ***-**-7890 credit card: ****-****-****-1111 IP: 2001:0db8:85a3:0000:0000:8a2e:0370:* | DevNet | l***@devnet.com, +***-***-2109 | email: lucas.miller @ devnet . com ***-**-7890 credit card: ****-****-****-1111 IP: 2001:0db8:85a3:0000:0000:8a2e:0370:*"
284,"SDE. | SDE. at DataFlex. Reach out to j***@dataflex.com or call +***-***-8765. Birth date: 02/28/**** ***-**-9012 credit card: ****-****-****-0000 IP: 2001:0db8:85a3:0000:0000:8a2e:0370:* | DataFlex | j***@dataflex.com, +***-***-8765 | email: jack.smith @ dataflex . com ***-**-9012 credit card: ****-****-****-0000 IP: 2001:0db8:85a3:0000:0000:8a2e:0370:*"
285,"CE. | CE. at CloudWorks. Reach out to n***@cloudworks.com or call +***-***-4321. Birth date: 01/25/**** ***-**-7890 credit card: ****-****-****-2222 IP: 2001:0db8:85a3:0000:0000:8a2e:0370:* | CloudWorks | n***@cloudworks.com, +***-***-4321 | email: nina.davis @ cloudworks . com ***-**-7890 credit card: ****-****-****-2222 IP: 2001:0db8:85a3:0000:0000:8a2e:0370:*"
235,"SDE. | SDE. at BigDataWorks. Contact r***@bigdataworks.com or call +***-***-8765. Birth date: 11/22/**** ***-**-2345 credit card: ****-****-****-1111 IP: 192.168.2.* | BigDataWorks | r***@bigdataworks.com, +***-***-8765 | email: robert.white @ bigdataworks . com ***-**-2345 credit card: ****-****-****-1111 IP: 192.168.2.*"
236,"SE. | SE. role at CodeTech. Reach out to j***@codetech.com or call +***-***-2109. Birth date: 06/14/**** ***-**-3456 credit card: ****-****-****-2222 IP: 10.110.110.* | CodeTech | j***@codetech.com, +***-***-2109 | email: jennifer.jones @ codetech . com ***-**-3456 credit card: ****-****-****-2222 IP: 10.110.110.*"
237,"AI Researcher | AI Researcher at TechAI. Contact m***@techai.com or call +***-***-5432. Birth date: 03/02/**** ***-**-4567 credit card: ****-****-****-3333 IP: 192.168.2.* | TechAI | m***@techai.com, +***-***-5432 | email: michael.smith @ techai . com ***-**-4567 credit card: ****-****-****-3333 IP: 192.168.2.*"
238,"CSE. | CSE. at CloudForge. Reach out to l***@cloudforge.com or call +***-***-5678. Birth date: 08/08/**** ***-**-6789 credit card: ****-****-****-5555 IP: 10.111.111.* | CloudForge | l***@cloudforge.com, +***-***-5678 | email: lucas.davis @ cloudforge . com ***-**-6789 credit card: ****-****-****-5555 IP: 10.111.111.*"
239,"BE. | BE. at BackTech. Contact o***@backtech.com or call +***-***-2109. Birth date: 04/19/**** ***-**-7890 credit card: ****-****-****-6666 IP: 192.168.2.* | BackTech | o***@backtech.com, +***-***-2109 | email: olivia.martinez @ backtech . com ***-**-7890 credit card: ****-****-****-6666 IP: 192.168.2.*"
240,"SDS. | SDS. at DataCraft. Reach out to e***@datacraft.com or call +***-***-4321. Birth date: 07/21/**** ***-**-8901 credit card: ****-****-****-7777 IP: 10.112.112.* | DataCraft | e***@datacraft.com, +***-***-4321 | email: emily.brown @ datacraft . com ***-**-8901 credit card: ****-****-****-7777 IP: 10.112.112.*"
241,"DE. | DE. at DataStream. Reach out to o***@datastream.com or call +***-***-9876. Birth date: 05/14/**** ***-**-9012 credit card: ****-****-****-8888 IP: 192.168.2.* | DataStream | o***@datastream.com, +***-***-9876 | email: olivia.jones @ datastream . com ***-**-9012 credit card: ****-****-****-8888 IP: 192.168.2.*"
242,"SA. | SA. role at SecureLabs. Contact b***@securelabs.com or call +***-***-5432. Birth date: 04/28/**** ***-**-0123 credit card: ****-****-****-9999 IP: 10.113.113.* | SecureLabs | b***@securelabs.com, +***-***-5432 | email: brian.white @ securelabs . com ***-**-0123 credit card: ****-****-****-9999 IP: 10.113.113.*"
243,"FSE. | FSE. at WebLabs. Reach out to s***@weblabs.com or call +***-***-8765. Birth date: 06/22/**** ***-**-1234 credit card: ****-****-****-0000 IP: 192.168.2.* | WebLabs | s***@weblabs.com, +***-***-8765 | email: sarah.green @ weblabs . com ***-**-1234 credit card: ****-****-****-0000 IP: 192.168.2.*"
244,"MLE. | MLE. role at AIForge. Contact a***@aiforge.com or call +***-***-2109. Birth date: 12/16/**** ***-**-2345 credit card: ****-****-****-1111 IP: 10.114.114.* | AIForge | a***@aiforge.com, +***-***-2109 | email: alex.miller @ aiforge . com ***-**-2345 credit card: ****-****-****-1111 IP: 10.114.114.*"
245,"BD. | BD. at CodeCraft. Reach out to e***@codecraft.com or call +***-***-4321. Birth date: 07/03/**** ***-**-3456 credit card: ****-****-****-2222 IP: 192.168.2.* | CodeCraft | e***@codecraft.com, +***-***-4321 | email: emily.smith @ codecraft . com ***-**-3456 credit card: ****-****-****-2222 IP: 192.168.2.*"
246,"DS. | DS. at DataQuest. Contact j***@dataquest.com or call +***-***-1098. Birth date: 03/25/**** ***-**-4567 credit card: ****-****-****-3333 IP: 10.115.115.* | DataQuest | j***@dataquest.com, +***-***-1098 | email: joshua.green @ dataquest . com ***-**-4567 credit card: ****-****-****-3333 IP: 10.115.115.*"
247,"SE. | SE. at SecTech. Reach out to c***@sectech.com or call +***-***-5678. Birth date: 09/01/**** ***-**-6789 credit card: ****-****-****-5555 IP: 192.168.2.* | SecTech | c***@sectech.com, +***-***-5678 | email: claire.martin @ sectech . com ***-**-6789 credit card: ****-****-****-5555 IP: 192.168.2.*"
248,"SE. | SE. at DevPro. Reach out to j***@devpro.com or call +***-***-6543. Birth date: 04/17/**** ***-**-7890 credit card: ****-****-****-6666 IP: 10.116.116.* | DevPro | j***@devpro.com, +***-***-6543 | email: john.white @ devpro . com ***-**-7890 credit card: ****-****-****-6666 IP: 10.116.116.*"
1,"SE. | Join us as a SE. at TechCorp. Contact j***@techcorp.com for details. Start date: 01/15/**** | TechCorp | j***@techcorp.com, +***-***-7890 | email: john.doe @ techcorp . com"
2,"DA. | DA. role at DataVision. CSC. at 555-1234 or email s***@datavision.com. Birth date: 07/22/**** | DataVision | s***@datavision.com, 555-1234 | phone: ***-***-4567, ***-**-6789"
3,"HR Manager | Looking for an HR Manager. Apply at h***@workplace.com. Contact via phone at (***-***-3210. SS.: 234-56-7890 | WI.. | h***@workplace.com, (***-***-3210 | ***-**-7890, email: hr.manager @ workplace . com"
4,"MS. | We are hiring a MS.. Send resume to e***@marketpro.com. Phone: +***-***-5678. Date of birth: 12/09/**** | MarketPro | e***@marketpro.com, +***-***-5678 | dob: 12/09/****, email: emily . jones @ marketpro . com"
5,"PM. | PM. position available. Contact r***@innovate.com or ***-***-6543. Credit card: ***-***-1111 | IL.. | r***@innovate.com, ***-***-6543 | credit card: ***-***-1111, email: robert.smith @ innovate . com"
6,"BA. | We need a BA. at GlobalTech. Call ***-***-7890 or email m***@globaltech.com. Start date: 11/05/**** | GlobalTech | m***@globaltech.com, ***-***-7890 | phone: ***-***-7890, email: mike @ globaltech . com"
7,"UX Designer | UX Designer opening. Reach out to j***@uxdesigns.com. Date of birth: 09/01/**** | UX Designs | j***@uxdesigns.com | dob: 09/01/****, email: jane.doe @ uxdesigns . com"
8,"DevOps Engineer | DevOps Engineer needed. Contact a***@techinnovate.com. Phone: +***-***-6789 | TechInnovate | a***@techinnovate.com, +***-***-6789 | phone: +***-***-6789, email: alex . lee @ techinnovate . com"
9,"SD. | SD. at SalesCo. Reach j***@salesco.com or ***-***-4321. SS. number: 345-67-8901 | SalesCo | j***@salesco.com, ***-***-4321 | ***-**-8901, email: john.smith @ salesco . com"
10,"PM. | Join our team as a PM.. Contact e***@projectworld.com. Phone: (***-***-9876 | ProjectWorld | e***@projectworld.com, (***-***-9876 | phone: (***-***-9876, email: emma . martin @ projectworld . com"
11,"SD. | We are looking for a SD. at SoftTech. Reach out to r***@softtech.com or call (***-***-4567. Date of birth: 03/12/**** | SoftTech | r***@softtech.com, (***-***-4567 | dob: 03/12/****, email: robert.james @ softtech . com"
12,"CA. | CA. at SecureNet. Call +***-***-3210 or email c***@securenet.com. ***-**-0123 | SecureNet | c***@securenet.com, +***-***-3210 | ***-**-0123, email: contact @ securenet . com"
13,"CA. | Join CloudX as a CA.. Email j***@cloudx.com or reach us at +***-***-5678. Start date: 01/10/**** | CloudX | j***@cloudx.com, +***-***-5678 | email: james.miller @ cloudx . com, start date: 01/10/****"
14,"PD. | PD. needed at DesignCo. Contact a***@designco.com or ***-***-6789. Credit card: ***-***-4444 | DesignCo | a***@designco.com, ***-***-6789 | credit card: ***-***-4444, email: anna.brown @ designco . com"
15,"FA. | We are hiring a FA. at FinWorld. Reach out to l***@finworld.com or call (***-***-4321. Birth date: 02/28/**** | FinWorld | l***@finworld.com, (***-***-4321 | dob: 02/28/****, email: linda.white @ finworld . com"
16,"SA. | SA. at NetSys. Contact d***@netsys.com. Phone: +***-***-7890. SS.: 987-65-4321 | NetSys | d***@netsys.com, +***-***-7890 | ***-**-4321, email: david.green @ netsys . com"
17,"DS. | DS. at DataVerse. Apply by emailing r***@dataverse.com. Call ***-***-1234. Date of birth: 01/21/**** | DataVerse | r***@dataverse.com, ***-***-1234 | dob: 01/21/****, email: robert.smith @ dataverse . com"
18,"IT SS. | IT SS. at TechCare. Reach out to e***@techcare.com or call (***-***-7890. Credit card: ***-***-5100 | TechCare | e***@techcare.com, (***-***-7890 | credit card: ***-***-5100, email: emily.davis @ techcare . com"
19,"UI Developer | UI Developer role at InnovateX. Contact j***@innovatex.com or ***-***-9876. ***-**-3210 | InnovateX | j***@innovatex.com, ***-***-9876 | ***-**-3210, email: jeffrey.johnson @ innovatex . com"
20,"SEO Specialist | SEO Specialist needed at RankTech. Apply at s***@ranktech.com or call ***-***-4567. Date of birth: 09/14/**** | RankTech | s***@ranktech.com, ***-***-4567 | dob: 09/14/****, email: sarah.martinez @ ranktech . com"
21,"TS. | Join TechPro as TS.. Contact m***@techpro.com. Phone: (***-***-2345 | TechPro | m***@techpro.com, (***-***-2345 | email: mark.jones @ techpro . com"
22,"FSD. | FSD. at CodeForge. Apply via email to l***@codeforge.com. Contact (***-***-5432 | CodeForge | l***@codeforge.com, (***-***-5432 | email: laura.martin @ codeforge . com"
23,"NE. | NE. opening at NetWorld. Call +***-***-2221 or email a***@networld.com. ***-**-9876 | NetWorld | a***@networld.com, +***-***-2221 | ***-**-9876, email: alex.lee @ networld . com"
24,"BIA. | BIA. at DataFlow. Apply to c***@dataflow.com. Phone: +***-***-5432 | DataFlow | c***@dataflow.com, +***-***-5432 | email: carla.martinez @ dataflow . com"
25,"NA. | NA. position at NetGuard. Contact d***@netguard.com. Phone: (***-***-1111 | NetGuard | d***@netguard.com, (***-***-1111 | email: david.jackson @ netguard . com"
26,"HR Specialist | HR Specialist at PeopleWorks. Contact s***@peopleworks.com. Phone: ***-***-2222. ***-**-1098 | PeopleWorks | s***@peopleworks.com, ***-***-2222 | ***-**-1098, email: sarah.green @ peopleworks . com"
27,"BD. | BD. needed at DevLab. Apply to r***@devlab.com. Phone: ***-***-8776 | DevLab | r***@devlab.com, ***-***-8776 | email: robert.lee @ devlab . com"
28,"DevOps Engineer | DevOps Engineer needed at SoftLab. Email w***@softlab.com or call (***-***-7890. Date of birth: 05/17/**** | SoftLab | w***@softlab.com, (***-***-7890 | dob: 05/17/****, email: william.moore @ softlab . com"
29,"DA. | DA. at DataX. Reach out to j***@datx.com or call (***-***-7890. SS.: 345-67-8901 | DataX | j***@datx.com, (***-***-7890 | ***-**-8901, email: john.doe @ datx . com"
30,"CS. | CS. opening at StoryPro. Apply by emailing e***@storypro.com or contact (***-***-4321 | StoryPro | e***@storypro.com, (***-***-4321 | email: emily.taylor @ storypro . com"
31,"QA Engineer | Join us as a QA Engineer at Testify. Contact j***@testify.com or call (***-***-5678. Birth date: 04/11/**** | Testify | j***@testify.com, (***-***-5678 | dob: 04/11/****, email: johnny.doe @ testify . com"
32,"MAD. | MAD. needed at AppWorks. Reach out to e***@appworks.com or ***-***-9876. SS.: 123-45-6789 | AppWorks | e***@appworks.com, ***-***-9876 | ***-**-6789, email: emily.james @ appworks . com"
33,"PO. | We are hiring a PO. at CreateTech. Contact l***@createtech.com or call +***-***-9012. Credit card: ****-****-****-1111 | CreateTech | l***@createtech.com, +***-***-9012 | credit card: ****-****-****-1111, email: lucas.martin @ createtech . com"
34,"DE. | DE. needed at DataSync. Reach out to s***@datasync.com or phone (***-***-2345. Date of birth: 05/09/**** | DataSync | s***@datasync.com, (***-***-2345 | dob: 05/09/****, email: sarah.lee @ datasync . com"
35,"Front-end Developer | We are hiring a Front-end Developer at WebX. Email b***@webx.com or call (***-***-5432. ***-**-4321 | WebX | b***@webx.com, (***-***-5432 | ***-**-4321, email: ben.miller @ webx . com"
36,"BE. | BE. opening at CodeCraft. Apply by contacting t***@codecraft.com. Phone: ***-***-6789 | CodeCraft | t***@codecraft.com, ***-***-6789 | email: tom.jackson @ codecraft . com"
37,"GD. | GD. needed at CreativeHub. Email c***@creativehub.com or call (***-***-3210. Date of birth: 08/11/**** | CreativeHub | c***@creativehub.com, (***-***-3210 | dob: 08/11/****, email: claire.white @ creativehub . com"
38,"COE. | COE. position available at SkyTech. Contact a***@skytech.com or call ***-***-4567 | SkyTech | a***@skytech.com, ***-***-4567 | email: alex.perez @ skytech . com"
39,"DevOps Specialist | We are hiring a DevOps Specialist at TechFlow. Reach out to j***@techflow.com or phone ***-***-1234. ***-**-6789 | TechFlow | j***@techflow.com, ***-***-1234 | ***-**-6789, email: jack.davis @ techflow . com"
40,"PMM. | PMM. needed at MarketForge. Contact j***@marketforge.com or call ***-***-7654. Credit card: ***-***-5555 | MarketForge | j***@marketforge.com, ***-***-7654 | credit card: ***-***-5555, email: jenny.smith @ marketforge . com"
41,"JavaScript Developer | JavaScript Developer needed at JSWorks. Email d***@jsworks.com or call (***-***-7890. Date of birth: 11/21/**** | JSWorks | d***@jsworks.com, (***-***-7890 | dob: 11/21/****, email: dave.roberts @ jsworks . com"
42,"TE. | Join TestPro as a TE.. Reach out to j***@testpro.com or call ***-***-1234. ***-**-7890 | TestPro | j***@testpro.com, ***-***-1234 | ***-**-7890, email: jane.doe @ testpro . com"
43,"UI/UX Designer | UI/UX Designer role at VisualTech. Contact s***@visualtech.com or call ***-***-4567 | VisualTech | s***@visualtech.com, ***-***-4567 | email: steve.martin @ visualtech . com"
44,"TA. | TA. needed at ArchTech. Reach out to r***@archtech.com or phone (***-***-3210. ***-**-0987 | ArchTech | r***@archtech.com, (***-***-3210 | ***-**-0987, email: robert.james @ archtech . com"
45,"ST. | ST. needed at SoftTest. Contact a***@softtest.com or call ***-***-6543. Date of birth: 09/01/**** | SoftTest | a***@softtest.com, ***-***-6543 | dob: 09/01/****, email: amy.johnson @ softtest . com"
46,"PD. | Join as a PD. at DesignWorks. Reach out to e***@designworks.com or call ***-***-2222 | DesignWorks | e***@designworks.com, ***-***-2222 | email: elena.martin @ designworks . com"
47,"DA. | DA. needed at DataCore. Contact j***@datacore.com or call ***-***-4321 | DataCore | j***@datacore.com, ***-***-4321 | email: jason.smith @ datacore . com"
48,"NA. | NA. role at NetSys. Apply by emailing k***@netsys.com or call ***-***-6789 | NetSys | k***@netsys.com, ***-***-6789 | email: kyle.brown @ netsys . com"
49,"CE. | CE. needed at CloudCorp. Reach out to p***@cloudcorp.com or call ***-***-1234 | CloudCorp | p***@cloudcorp.com, ***-***-1234 | email: peter.jones @ cloudcorp . com"
50,"SE. | SE. opening at SysTech. Contact c***@systemtech.com or call ***-***-9876 | SysTech | c***@systemtech.com, ***-***-9876 | email: claire.white @ systemtech . com"
51,"WD. | WD. position available at WebFusion. Reach out to s***@webfusion.com or call ***-***-1234 | WebFusion | s***@webfusion.com, ***-***-1234 | email: samuel.brown @ webfusion . com"
52,"CSA. | CSA. needed at CloudSpace. Contact m***@cloudspace.com or call ***-***-8765 | CloudSpace | m***@cloudspace.com, ***-***-8765 | email: mike.davis @ cloudspace . com"
53,"SE. | SE. position available at SoftCore. Reach out to s***@softcore.com or call ***-***-7890 | SoftCore | s***@softcore.com, ***-***-7890 | email: susan.jones @ softcore . com"
54,"MLE. | MLE. needed at DataLogic. Contact j***@datalogic.com or call ***-***-4321 | DataLogic | j***@datalogic.com, ***-***-4321 | email: john.martin @ datalogic . com"
55,"NE. | NE. needed at NetWorks. Contact j***@networks.com or call ***-***-5678 | NetWorks | j***@networks.com, ***-***-5678 | email: jane.smith @ networks . com"
56,"DA. | DA. opening at DataPrime. Apply by emailing k***@dataprime.com | DataPrime | k***@dataprime.com, ***-***-6543 | email: kevin.wilson @ dataprime . com"
57,"SA. | SA. position at CodeArchitects. Contact t***@codearchitects.com or call ***-***-4567 | CodeArchitects | t***@codearchitects.com, ***-***-4567 | email: tom.green @ codearchitects . com"
58,"PM. | PM. needed at ManageX. Contact s***@managex.com or call ***-***-9012 | ManageX | s***@managex.com, ***-***-9012 | email: sara.miller @ managex . com"
59,"SA. | SA. needed at AdminX. Reach out to d***@adminx.com or call ***-***-6789 | AdminX | d***@adminx.com, ***-***-6789 | email: darren.james @ adminx . com"
60,"DS. | DS. position at DataLabs. Contact e***@datalabs.com or call ***-***-6543 | DataLabs | e***@datalabs.com, ***-***-6543 | email: emily.taylor @ datalabs . com"
61,"FSD. | FSD. position at CodeStudio. Apply by emailing r***@codestudio.com or call ***-***-9876 | CodeStudio | r***@codestudio.com, ***-***-9876 | email: robert.brown @ codestudio . com"
62,"BA. | BA. needed at BusinessPros. Contact p***@businesspros.com or call ***-***-5678 | BusinessPros | p***@businesspros.com, ***-***-5678 | email: paul.morris @ businesspros . com"
63,"SEO Specialist | SEO Specialist opening at RankPro. Reach out to l***@rankpro.com or call ***-***-4321 | RankPro | l***@rankpro.com, ***-***-4321 | email: lisa.harris @ rankpro . com"
64,"SA. | SA. position at TechWorks. Apply via email to j***@techworks.com or call ***-***-5432 | TechWorks | j***@techworks.com, ***-***-5432 | email: jackie.martin @ techworks . com"
65,"DD. | DD. needed at DataForge. Contact g***@dataforge.com or call ***-***-6543 | DataForge | g***@dataforge.com, ***-***-6543 | email: gregory.lee @ dataforge . com"
66,"DMM. | DMM. position available at MarketLeads. Contact s***@marketleads.com or call ***-***-9876 | MarketLeads | s***@marketleads.com, ***-***-9876 | email: sophia.wilson @ marketleads . com"
67,"FD. | FD. role at WebFlow. Reach out to j***@webflow.com or call ***-***-2345 | WebFlow | j***@webflow.com, ***-***-2345 | email: jason.white @ webflow . com"
68,"CE. | CE. needed at CloudX. Apply by contacting j***@cloudx.com or call ***-***-5678 | CloudX | j***@cloudx.com, ***-***-5678 | email: james.taylor @ cloudx . com"
69,"SD. | SD. position at CodeBase. Contact p***@codebase.com or call ***-***-1234 | CodeBase | p***@codebase.com, ***-***-1234 | email: peter.smith @ codebase . com"
70,"TSE. | TSE. needed at SupportHub. Reach out to a***@supporthub.com or call ***-***-8765 | SupportHub | a***@supporthub.com, ***-***-8765 | email: andrew.jackson @ supporthub . com"
71,"WD. | WD. needed at DesignHub. Contact n***@designhub.com or call ***-***-7654 | DesignHub | n***@designhub.com, ***-***-7654 | email: nancy.doe @ designhub . com"
72,"AI Developer | AI Developer position at NeuralTech. Apply by emailing m***@neuraltech.com or call ***-***-6543 | NeuralTech | m***@neuraltech.com, ***-***-6543 | email: mark.green @ neuraltech . com"
73,"SE. | SE. needed at SecuNet. Reach out to m***@secunet.com or call ***-***-1234 | SecuNet | m***@secunet.com, ***-***-1234 | email: maria.lee @ secunet . com"
74,"SD. | SD. position at DevWorks. Apply by contacting c***@devworks.com or call ***-***-7654 | DevWorks | c***@devworks.com, ***-***-7654 | email: christopher.harris @ devworks . com"
75,"CSE. | CSE. needed at CloudTech. Contact r***@cloudtech.com or call ***-***-9876 | CloudTech | r***@cloudtech.com, ***-***-9876 | email: rachel.martinez @ cloudtech . com"
76,"DA. | DA. opening at DataScape. Contact c***@datascape.com or call ***-***-2345 | DataScape | c***@datascape.com, ***-***-2345 | email: charles.davis @ datascape . com"
77,"UX Designer | UX Designer needed at UserTech. Reach out to s***@usertech.com or call ***-***-4567 | UserTech | s***@usertech.com, ***-***-4567 | email: sara.taylor @ usertech . com"
78,"FD. | FD. position at WebCraft. Apply via email to d***@webcraft.com or call ***-***-9876 | WebCraft | d***@webcraft.com, ***-***-9876 | email: david.johnson @ webcraft . com"
79,"FSE. | FSE. needed at StackWorks. Contact k***@stackworks.com or call ***-***-9876 | StackWorks | k***@stackworks.com, ***-***-9876 | email: kevin.white @ stackworks . com"
80,"BD. | BD. position available at DevBackend. Reach out to a***@devbackend.com or call ***-***-7654 | DevBackend | a***@devbackend.com, ***-***-7654 | email: anna.harris @ devbackend . com"
81,"SA. | SA. position at GuardNet. Apply by emailing l***@guardnet.com or call ***-***-7654 | GuardNet | l***@guardnet.com, ***-***-7654 | email: lisa.perez @ guardnet . com"
82,"DevOps Engineer | DevOps Engineer needed at DevFlow. Contact k***@devflow.com or call ***-***-1234 | DevFlow | k***@devflow.com, ***-***-1234 | email: kevin.smith @ devflow . com"
83,"WAD. | WAD. at AppWorks. Reach out to r***@appworks.com or call ***-***-5678 | AppWorks | r***@appworks.com, ***-***-5678 | email: rebecca.lee @ appworks . com"
84,"DA. | We are hiring a DA. at DataTech. Contact l***@datatech.com or call ***-***-6789 | DataTech | l***@datatech.com, ***-***-6789 | email: lucas.miller @ datatech . com"
85,"SE. | SE. position available at ByteWorks. Contact j***@byteworks.com or call ***-***-6543 | ByteWorks | j***@byteworks.com, ***-***-6543 | email: john.smith @ byteworks . com"
86,"CS. | CS. needed at NetGuard. Contact s***@netguard.com or call ***-***-1234 | NetGuard | s***@netguard.com, ***-***-1234 | email: samantha.johnson @ netguard . com"
87,"MD. | MD. position at AppPro. Contact d***@apppro.com or call ***-***-4321 | AppPro | d***@apppro.com, ***-***-4321 | email: daniel.green @ apppro . com"
88,"CC. | CC. needed at CloudExpert. Contact s***@cloudexpert.com or call ***-***-9876 | CloudExpert | s***@cloudexpert.com, ***-***-9876 | email: sarah.jones @ cloudexpert . com"
89,"BD. | BD. position available at BlockWorks. Contact l***@blockworks.com or call ***-***-5432 | BlockWorks | l***@blockworks.com, ***-***-5432 | email: lucas.martin @ blockworks . com"
90,"IT Manager | IT Manager needed at TechMinds. Apply by emailing c***@techminds.com or call ***-***-1234 | TechMinds | c***@techminds.com, ***-***-1234 | email: claire.morris @ techminds . com"
91,"DA. | DA. opening at DataSolution. Reach out to j***@datasolution.com or call ***-***-5678 | DataSolution | j***@datasolution.com, ***-***-5678 | email: john.doe @ datasolution . com"
92,"NA. | NA. needed at NetServices. Contact s***@netservices.com or call ***-***-4321 | NetServices | s***@netservices.com, ***-***-4321 | email: sarah.lee @ netservices . com"
93,"BDM. | BDM. needed at GrowthWorks. Contact d***@growthworks.com or call ***-***-9876 | GrowthWorks | d***@growthworks.com, ***-***-9876 | email: david.brown @ growthworks . com"
94,"PM. | PM. role at MarketPrime. Reach out to s***@marketprime.com or call ***-***-8765 | MarketPrime | s***@marketprime.com, ***-***-8765 | email: sophia.morris @ marketprime . com"
95,"QAL. | QAL. position at TestWorld. Contact m***@testworld.com or call ***-***-7890 | TestWorld | m***@testworld.com, ***-***-7890 | email: michael.jones @ testworld . com"
96,"DA. | DA. needed at DataWorld. Contact a***@dataworld.com or call ***-***-2345 | DataWorld | a***@dataworld.com, ***-***-2345 | email: alice.miller @ dataworld . com"
97,"DevOps Architect | DevOps Architect needed at DevOpsCo. Apply by emailing e***@devopsco.com or call ***-***-3210 | DevOpsCo | e***@devopsco.com, ***-***-3210 | email: emily.green @ devopsco . com"
98,"IT SS. | IT SS. needed at ITHelp. Contact j***@ithelp.com or call ***-***-4567 | ITHelp | j***@ithelp.com, ***-***-4567 | email: jonathan.harris @ ithelp . com"
99,"CSE. | CSE. needed at CloudSoft. Contact n***@cloudsoft.com or call ***-***-7654 | CloudSoft | n***@cloudsoft.com, ***-***-7654 | email: nina.white @ cloudsoft . com"
100,"DA. | DA. needed at DataLink. Apply by contacting c***@datalink.com or call ***-***-6543 | DataLink | c***@datalink.com, ***-***-6543 | email: charles.brown @ datalink . com"
ID,JT. | JD. | Company | EC. | Comment
11,"WD. | WD. position at WebCorp. Contact web@corp or call 123-456-789 | WebCorp | web@corp, 123-456-789 | false positive email: web@corp is incomplete"
12,"SA. | SA. needed at CodeMasters. Reach out to architect@masters or call 321-654-987 | CodeMasters | architect@masters, 321-654-987 | false positive email: architect@masters is incomplete"
13,"CW. | CW. role at WriteNow. Contact writer@now or call ***-***-9876 | WriteNow | writer@now, ***-***-9876 | false positive email: writer@now is incomplete"
14,"QA Engineer | QA Engineer needed at Testify. Contact qa@ify or call ***-***-4444 | Testify | qa@ify, ***-***-4444 | false positive email: qa@ify is incomplete"
15,"DA. | DA. opening at DataInsights. Contact data@insights or call ***-***-5555 | DataInsights | data@insights, ***-***-5555 | false positive email: data@insights is incomplete"
16,"SEO Specialist | SEO Specialist needed at SearchPro. Reach out to seo@pro or call ***-***-7777 | SearchPro | seo@pro, ***-***-7777 | false positive email: seo@pro is incomplete"
17,"IT Consultant | IT Consultant opening at ITExperts. Contact it@experts or call ***-***-6666 | ITExperts | it@experts, ***-***-6666 | false positive email: it@experts is incomplete"
18,"CSE. | CSE. needed at SkyTech. Reach out to cloud@tech or call ***-***-6666 | SkyTech | cloud@tech, ***-***-6666 | false positive email: cloud@tech is incomplete"
19,"SE. | SE. needed at SysMasters. Contact systems@masters or call ***-***-3333 | SysMasters | systems@masters, ***-***-3333 | false positive email: systems@masters is incomplete"
20,"MD. | MD. opening at AppWorks. Contact mobile@works or call ***-***-2222 | AppWorks | mobile@works, ***-***-2222 | false positive email: mobile@works is incomplete"
21,"DA. | DA. needed at DataPro. Contact database@pro or call ***-***-3333 | DataPro | database@pro, ***-***-3333 | false positive email: database@pro is incomplete"
22,"HR Specialist | HR Specialist role at PeopleWorks. Contact hr@works or call ***-***-1111 | PeopleWorks | hr@works, ***-***-1111 | false positive email: hr@works is incomplete"
23,"JD. | JD. needed at CodeX. Reach out to java@x or call ***-***-8888 | CodeX | java@x, ***-***-8888 | false positive email: java@x is incomplete"
24,"NE. | NE. role at NetMasters. Contact network@masters or call ***-***-9870 | NetMasters | network@masters, ***-***-9870 | false positive email: network@masters is incomplete"
25,"PD. | PD. needed at DesignX. Contact design@x or call ***-***-7778 | DesignX | design@x, ***-***-7778 | false positive email: design@x is incomplete"
26,"SE. | SE. opening at SecureWorks. Reach out to security@works or call ***-***-1111 | SecureWorks | security@works, ***-***-1111 | false positive email: security@works is incomplete"
27,"DevOps Specialist | DevOps Specialist needed at CloudWorks. Contact devops@works or call ***-***-3332 | CloudWorks | devops@works, ***-***-3332 | false positive email: devops@works is incomplete"
28,"UI Designer | UI Designer needed at InterfaceX. Contact ui@x or call ***-***-9999 | InterfaceX | ui@x, ***-***-9999 | false positive email: ui@x is incomplete"
29,"CE. | CE. position at SkyCloud. Reach out to cloud@cloud or call ***-***-6543 | SkyCloud | cloud@cloud, ***-***-6543 | false positive email: cloud@cloud is incomplete"
30,"FSD. | FSD. role at CodeWorld. Contact fullstack@world or call ***-***-4445 | CodeWorld | fullstack@world, ***-***-4445 | false positive email: fullstack@world is incomplete"
31,"ST. | ST. needed at TestLab. Reach out to tester@lab or call ***-***-7779 | TestLab | tester@lab, ***-***-7779 | false positive email: tester@lab is incomplete"
32,"Front-ED. | Front-ED. needed at DevWorks. Contact frontend@works or call ***-***-1111 | DevWorks | frontend@works, ***-***-1111 | false positive email: frontend@works is incomplete"
33,"DMS. | DMS. opening at MarketX. Reach out to digital@x or call ***-***-9876 | MarketX | digital@x, ***-***-9876 | false positive email: digital@x is incomplete"
34,"SA. | SA. needed at AdminTech. Contact admin@tech or call ***-***-5558 | AdminTech | admin@tech, ***-***-5558 | false positive email: admin@tech is incomplete"
35,"DS. | DS. needed at DataWorks. Contact data@works or call ***-***-9991 | DataWorks | data@works, ***-***-9991 | false positive email: data@works is incomplete"
36,"WD. | WD. role at WebDev. Reach out to web@dev or call ***-***-3334 | WebDev | web@dev, ***-***-3334 | false positive email: web@dev is incomplete"
37,"NT. | NT. needed at NetTech. Contact net@tech or call ***-***-7775 | NetTech | net@tech, ***-***-7775 | false positive email: net@tech is incomplete"
38,"IT SS. | IT SS. role at HelpDesk. Reach out to support@desk or call ***-***-6660 | HelpDesk | support@desk, ***-***-6660 | false positive email: support@desk is incomplete"
39,"CS. | CS. needed at CloudWorks. Contact cloud@works or call ***-***-7772 | CloudWorks | cloud@works, ***-***-7772 | false positive email: cloud@works is incomplete"
40,"SA. | SA. position at SecureTech. Reach out to secure@tech or call ***-***-4441 | SecureTech | secure@tech, ***-***-4441 | false positive email: secure@tech is incomplete"
1,"SE. | SE. opening at TechPro. Reach out to tech@pro or call 123-45-6789 | TechPro | tech@pro, 123-45-6789 | false positive email: tech@pro is not valid"
2,"SA. | SA. needed at NetCom. Contact admin@com or call 987-65-4321 | NetCom | admin@com, 987-65-4321 | false positive email: admin@com is incomplete"
3,"MS. | MS. needed at CreativeTech. Contact m***@tech.com or call 555-555-123 | CreativeTech | m***@tech.com, 555-555-123 | false positive phone: 555-555-123 is not a valid phone number"
4,"HR Manager | HR Manager opening at PeopleCo. Reach out to hr@co or call 321-654-987 | PeopleCo | hr@co, 321-654-987 | false positive email: hr@co is not a valid email"
5,"PM. | PM. needed at BuildCorp. Contact projects@corp or call ***-***-3333 | BuildCorp | projects@corp, ***-***-3333 | false positive email: projects@corp is incomplete"
6,"UI/UX Designer | UI/UX Designer role at DesignWorks. Reach out to design@works or call 444-555-666 | DesignWorks | design@works, 444-555-666 | false positive email: design@works is incomplete"
7,"CE. | CE. opening at CloudX. Contact cloud@x or call ***-***-7777 | CloudX | cloud@x, ***-***-7777 | false positive email: cloud@x is incomplete"
8,"DS. | DS. needed at DataGuru. Reach out to scientist@guru or call ***-***-5555 | DataGuru | scientist@guru, ***-***-5555 | false positive email: scientist@guru is incomplete"
9,"DevOps Engineer | DevOps Engineer role at DevWorks. Contact devops@works or call ***-***-4444 | DevWorks | devops@works, ***-***-4444 | false positive email: devops@works is incomplete"
10,"SA. | SA. opening at SecureTech. Contact security@tech or call ***-***-5555 | SecureTech | security@tech, ***-***-5555 | false positive email: security@tech is incomplete"
