id,job_title,job_description,company_name,contact_info,notes,directive
501,Software Engineer,Join our backend team at CloudShift. Contact [dev-team@cloudshift.com](mailto:dev-team@cloudshift.com) or call +1 (555) 111-2233. Project ID: ENG-123-45-6789. Version: 4.1.1.1,CloudShift,"[dev-team@cloudshift.com](mailto:dev-team@cloudshift.com), +1 (555) 111-2233",reference code: ENG-123-45-6789 server version: 4.1.1.1,client_report
502,Data Analyst,Data Analyst at MetricWorks. Email [hr@metricworks.com](mailto:hr@metricworks.com). Reference number: REF-4111-1111-1111-1111,MetricWorks,"[hr@metricworks.com](mailto:hr@metricworks.com), +1 (555) 222-3344",record ID: REF-4111-1111-1111-1111,external_press_release
503,UX Designer,We’re hiring at Designify. Contact [careers@designify.com](mailto:careers@designify.com). Prototype hash: 192-abc-168-xyz.,Designify,"[careers@designify.com](mailto:careers@designify.com), +1 (555) 333-4455",prototype hash: 192-abc-168-xyz,public_job_board
504,Project Manager,Apply at Innovana. Email [pm.jobs@innovana.com](mailto:pm.jobs@innovana.com). Internal project number: 123-45-678.,Innovana,"[pm.jobs@innovana.com](mailto:pm.jobs@innovana.com), +1 (555) 444-5566",internal ID: 123-45-678 (not SSN),recruiter_outreach
505,Marketing Specialist,Join Marketify. Contact [marketing@marketify.com](mailto:marketing@marketify.com). Batch number: CARD-9876-5432-1111.,Marketify,"[marketing@marketify.com](mailto:marketing@marketify.com), +1 (555) 555-6677",batch ref: CARD-9876-5432-1111,marketing_campaign
506,Full Stack Developer,Apply at DevHub. Send portfolio to [devhub@devhub.com](mailto:devhub@devhub.com). Code version: 10.0.0.alpha2,DevHub,"[devhub@devhub.com](mailto:devhub@devhub.com), +1 (555) 666-7788",build version: 10.0.0.alpha2 (not IP),recruiter_outreach
507,Product Manager,Reach out to [pm@productzen.com](mailto:pm@productzen.com). Product model: PM-172.16.254.99X,ProductZen,"[pm@productzen.com](mailto:pm@productzen.com), +1 (555) 777-8899",Product model: PM-172.16.254.99X (fake IP-like),external_press_release
508,HR Specialist,Hiring at PeopleOps. Contact [hr@peopleops.com](mailto:hr@peopleops.com). Employee code: EMP-5678-1234-8765,PeopleOps,"[hr@peopleops.com](mailto:hr@peopleops.com), +1 (555) 888-9900",code EMP-5678-1234-8765 (not credit card),public_job_board
509,Data Scientist,We’re expanding at DataSphere. Email [careers@datasphere.com](mailto:careers@datasphere.com). Job code: DS-192.168.99.99B,DataSphere,"[careers@datasphere.com](mailto:careers@datasphere.com), +1 (555) 999-1010",fake IP-like code DS-192.168.99.99B,third_party_consulting
510,Cloud Engineer,Apply at CloudNet. Contact [support@cloudnet.com](mailto:support@cloudnet.com). Ticket: TKT-678-90-1234,CloudNet,"[support@cloudnet.com](mailto:support@cloudnet.com), +1 (555) 111-0101",ticket ID TKT-678-90-1234 (looks like SSN),recruiter_outreach
511,Software Engineer,Join our AI team at NeuralSoft. Contact [dev.ai@neuralsoft.com](mailto:dev.ai@neuralsoft.com). Reference: ENG-001-23-4567,NeuralSoft,"[dev.ai@neuralsoft.com](mailto:dev.ai@neuralsoft.com), +1 (555) 101-0102",internal ref: ENG-001-23-4567 (not SSN),internal_hr
512,Backend Developer,Backend Developer role at CodeForge. Email [backend@codeforge.com](mailto:backend@codeforge.com). Build: 192.999.1.5-beta,CodeForge,"[backend@codeforge.com](mailto:backend@codeforge.com), +1 (555) 202-0203",version code 192.999.1.5-beta (not IP),default_policy
513,Data Analyst,Apply at DataSphere. Contact [jobs@datasphere.com](mailto:jobs@datasphere.com). Dataset ID: 4111-AAAA-1111-9999,DataSphere,"[jobs@datasphere.com](mailto:jobs@datasphere.com), +1 (555) 303-0304",dataset ID 4111-AAAA-1111-9999,recruiter_outreach
514,Product Manager,Product Manager opening at ProductZen. Email [pm@productzen.com](mailto:pm@productzen.com). Ticket: PMT-123-45-098,ProductZen,"[pm@productzen.com](mailto:pm@productzen.com), +1 (555) 404-0405",ticket ID PMT-123-45-098,customer_support_case
515,Frontend Developer,Join Webify. Contact [frontend@webify.com](mailto:frontend@webify.com). Build hash: ver.10.10.10.alpha,Webify,"[frontend@webify.com](mailto:frontend@webify.com), +1 (555) 505-0506",hash ver.10.10.10.alpha,third_party_consulting
516,Security Engineer,Security Engineer at CyberEdge. Email [secjobs@cyberedge.com](mailto:secjobs@cyberedge.com). Batch: CARD-1111-2222-3333,CyberEdge,"[secjobs@cyberedge.com](mailto:secjobs@cyberedge.com), +1 (555) 606-0607",batch CARD-1111-2222-3333 (not credit card),security_monitoring
517,Cloud Architect,Apply to CloudNet. Email [cloud@cloudnet.com](mailto:cloud@cloudnet.com). Instance ID: 10.0.0.alpha9,CloudNet,"[cloud@cloudnet.com](mailto:cloud@cloudnet.com), +1 (555) 707-0708",build ID 10.0.0.alpha9,recruiter_outreach
518,UX Designer,UX Designer role at DesignLoop. Contact [design@designloop.com](mailto:design@designloop.com). Mock ID: UX-567-89-012,DesignLoop,"[design@designloop.com](mailto:design@designloop.com), +1 (555) 808-0809",mock ID UX-567-89-012 (not SSN),third_party_consulting
519,Data Scientist,Join DataLab. Contact [research@datalab.com](mailto:research@datalab.com). Model version: v172.16.99.99-dev,DataLab,"[research@datalab.com](mailto:research@datalab.com), +1 (555) 909-0910",fake IP-like model v172.16.99.99-dev,research_dataset
520,Project Manager,We’re hiring at ManagePro. Email [careers@managepro.com](mailto:careers@managepro.com). Project number: PRJ-345-67-890,ManagePro,"[careers@managepro.com](mailto:careers@managepro.com), +1 (555) 112-1314",project ID PRJ-345-67-890,public_job_board
521,HR Specialist,HR Specialist role at PeopleForce. Contact [hr@peopleforce.com](mailto:hr@peopleforce.com). Form code: EMP-7890-4321-0000,PeopleForce,"[hr@peopleforce.com](mailto:hr@peopleforce.com), +1 (555) 115-1617",employee code EMP-7890-4321-0000,internal_hr
522,DevOps Engineer,Join OpsCore. Email [devops@opscore.com](mailto:devops@opscore.com). Server build: 10.100.200.300A,OpsCore,"[devops@opscore.com](mailto:devops@opscore.com), +1 (555) 118-1919",non-IP string 10.100.200.300A,third_party_consulting
523,Software Engineer,Apply to AlgoWorks. Contact [algo@algoworks.com](mailto:algo@algoworks.com). Version: 4111-111X-1111-1111,AlgoWorks,"[algo@algoworks.com](mailto:algo@algoworks.com), +1 (555) 121-2222",fake card 4111-111X-1111-1111,recruiter_outreach
524,Marketing Specialist,Join AdSphere. Contact [marketing@adsphere.com](mailto:marketing@adsphere.com). Reference: ADS-987-65-432,AdSphere,"[marketing@adsphere.com](mailto:marketing@adsphere.com), +1 (555) 123-2424",fake SSN-like ADS-987-65-432,marketing_campaign
525,Data Engineer,Hiring at DataPulse. Email [data@pulse.com](mailto:data@pulse.com). Config: IP:999.888.777.666,DataPulse,"[data@pulse.com](mailto:data@pulse.com), +1 (555) 124-2525",fake IP IP:999.888.777.666,public_job_board
526,Mobile Developer,Apply at AppWorks. Contact [apps@appworks.com](mailto:apps@appworks.com). Version tag: v5.678-90-123,AppWorks,"[apps@appworks.com](mailto:apps@appworks.com), +1 (555) 125-2626",version v5.678-90-123,recruiter_outreach
527,Product Owner,Work with ProductBase. Contact [owner@productbase.com](mailto:owner@productbase.com). Code ref: 1234-567A-9876-5432,ProductBase,"[owner@productbase.com](mailto:owner@productbase.com), +1 (555) 126-2727",code ref (fake card) 1234-567A-9876-5432,default_policy
528,System Analyst,System Analyst role at Analytix. Email [system@analytix.com](mailto:system@analytix.com). Key: SYS-234.56.789,Analytix,"[system@analytix.com](mailto:system@analytix.com), +1 (555) 127-2828",fake dotted key SYS-234.56.789,default_policy
529,QA Engineer,Join Testify. Contact [qa@testify.com](mailto:qa@testify.com). Bug ID: BUG-10.0.0.22B,Testify,"[qa@testify.com](mailto:qa@testify.com), +1 (555) 128-2929",bug ID BUG-10.0.0.22B,default_policy
530,Data Analyst,Data Analyst at MetricWave. Email [analyst@metricwave.com](mailto:analyst@metricwave.com). Record ID: REC-678-90-1234,MetricWave,"[analyst@metricwave.com](mailto:analyst@metricwave.com), +1 (555) 130-3030",record ID REC-678-90-1234 (not SSN),third_party_consulting
531,Cloud Developer,Apply at CloudWorks. Contact [cloud@cloudworks.com](mailto:cloud@cloudworks.com). Deployment tag: DEPLOY-1234-5678,CloudWorks,"[cloud@cloudworks.com](mailto:cloud@cloudworks.com), +1 (555) 131-3131",deploy tag DEPLOY-1234-5678,recruiter_outreach
532,AI Engineer,AI Engineer at DeepCompute. Email [ai@deepcompute.com](mailto:ai@deepcompute.com). Version code: AI-172.0.0.1X,DeepCompute,"[ai@deepcompute.com](mailto:ai@deepcompute.com), +1 (555) 132-3232",fake IP-like AI-172.0.0.1X,external_press_release
533,Technical Writer,Join DocFlow. Contact [docs@docflow.com](mailto:docs@docflow.com). Ref: DOC-8888-9999-0000,DocFlow,"[docs@docflow.com](mailto:docs@docflow.com), +1 (555) 133-3333",reference DOC-8888-9999-0000,third_party_consulting
534,Software Tester,Hiring at TestEdge. Email [qa@testedge.com](mailto:qa@testedge.com). Build: TEST-192.168.11.55R,TestEdge,"[qa@testedge.com](mailto:qa@testedge.com), +1 (555) 134-3434",fake IP-like build TEST-192.168.11.55R,public_job_board
535,Product Analyst,Join ProdTrack. Contact [analysis@prodtrack.com](mailto:analysis@prodtrack.com). Ref ID: PRT-999-11-888,ProdTrack,"[analysis@prodtrack.com](mailto:analysis@prodtrack.com), +1 (555) 135-3535",reference ID PRT-999-11-888,default_policy
536,Web Developer,Apply at WebForge. Contact [dev@webforge.com](mailto:dev@webforge.com). Hash ID: 5555-6666-777X-8888,WebForge,"[dev@webforge.com](mailto:dev@webforge.com), +1 (555) 136-3636",hash ID 5555-6666-777X-8888 (not card),recruiter_outreach
537,Network Engineer,Join NetCore. Contact [network@netcore.com](mailto:network@netcore.com). VLAN: 192.0.2.55A,NetCore,"[network@netcore.com](mailto:network@netcore.com), +1 (555) 137-3737",VLAN fake IP-like 192.0.2.55A,third_party_consulting
538,Research Scientist,Hiring at BioCompute. Email [bio@biocompute.com](mailto:bio@biocompute.com). Sequence: SEQ-123-45-678,BioCompute,"[bio@biocompute.com](mailto:bio@biocompute.com), +1 (555) 138-3838",sequence SEQ-123-45-678 (looks like SSN),public_job_board
539,Software Architect,Join CodeBridge. Contact [architect@codebridge.com](mailto:architect@codebridge.com). Build tag: 1111-2222-333Z-4444,CodeBridge,"[architect@codebridge.com](mailto:architect@codebridge.com), +1 (555) 139-3939",build tag 1111-2222-333Z-4444,external_press_release
540,Machine Learning Engineer,ML Engineer role at Learnify. Email [ml@learnify.com](mailto:ml@learnify.com). Version code: ML-10.10.10.beta,Learnify,"[ml@learnify.com](mailto:ml@learnify.com), +1 (555) 140-4040",fake IP-like ML-10.10.10.beta,training_material
541,Data Engineer,Hiring at DataHive. Email [data@datahive.com](mailto:data@datahive.com). Config version: CFG-123-456-789,DataHive,"[data@datahive.com](mailto:data@datahive.com), +1 (555) 141-4141",config ID CFG-123-456-789 (not SSN),public_job_board
542,Mobile Developer,Join Appify. Contact [mobile@appify.com](mailto:mobile@appify.com). Version: v9.0.0.beta12,Appify,"[mobile@appify.com](mailto:mobile@appify.com), +1 (555) 142-4242",build tag v9.0.0.beta12,third_party_consulting
543,Research Engineer,Apply at NeuralWorks. Email [research@neuralworks.com](mailto:research@neuralworks.com). Project hash: HASH-192.000.1.9B,NeuralWorks,"[research@neuralworks.com](mailto:research@neuralworks.com), +1 (555) 143-4343",fake IP-like HASH-192.000.1.9B,recruiter_outreach
544,Marketing Manager,Marketing role at PromoSphere. Contact [jobs@promosphere.com](mailto:jobs@promosphere.com). Campaign code: MKT-4111-5555-6666-7777,PromoSphere,"[jobs@promosphere.com](mailto:jobs@promosphere.com), +1 (555) 144-4444",fake card-like MKT-4111-5555-6666-7777,marketing_campaign
545,Full Stack Developer,Join BuildNet. Email [stack@buildnet.com](mailto:stack@buildnet.com). Release ID: REL-123-99-001,BuildNet,"[stack@buildnet.com](mailto:stack@buildnet.com), +1 (555) 145-4545",release REL-123-99-001 (not SSN),default_policy
546,Cloud Architect,Hiring at SkyForge. Contact [cloud@skyforge.com](mailto:cloud@skyforge.com). Instance tag: 10.1.1.alpha3,SkyForge,"[cloud@skyforge.com](mailto:cloud@skyforge.com), +1 (555) 146-4646",fake IP-like 10.1.1.alpha3,public_job_board
547,QA Tester,Apply to BugTrack. Email [qa@bugtrack.com](mailto:qa@bugtrack.com). Test case: QA-5678-0000-9999,BugTrack,"[qa@bugtrack.com](mailto:qa@bugtrack.com), +1 (555) 147-4747",QA case ID QA-5678-0000-9999,recruiter_outreach
548,HR Coordinator,Join PeopleSync. Contact [hr@peoplesync.com](mailto:hr@peoplesync.com). Form ID: HR-8888-7777-6666,PeopleSync,"[hr@peoplesync.com](mailto:hr@peoplesync.com), +1 (555) 148-4848",fake card-like HR-8888-7777-6666,external_press_release
549,AI Engineer,Apply at BrainForge. Email [ai@brainforge.com](mailto:ai@brainforge.com). Model code: AI-172.99.0.5Z,BrainForge,"[ai@brainforge.com](mailto:ai@brainforge.com), +1 (555) 149-4949",fake IP-like AI-172.99.0.5Z,recruiter_outreach
550,Product Designer,Product Designer at CreativeLab. Contact [design@creativelab.com](mailto:design@creativelab.com). Ticket: DSG-678-54-321,CreativeLab,"[design@creativelab.com](mailto:design@creativelab.com), +1 (555) 150-5050",ticket code DSG-678-54-321 (looks like SSN),customer_support_case
551,Machine Learning Engineer,Join DeepLogic. Email [ml@deeplogic.com](mailto:ml@deeplogic.com). Version: ML-4111-111X-2222-3333,DeepLogic,"[ml@deeplogic.com](mailto:ml@deeplogic.com), +1 (555) 151-5151",fake credit card pattern ML-4111-111X-2222-3333,training_material
552,System Engineer,Hiring at InfraWorks. Contact [sys@infraworks.com](mailto:sys@infraworks.com). Config tag: SYS-192.88.77.55B,InfraWorks,"[sys@infraworks.com](mailto:sys@infraworks.com), +1 (555) 152-5252",fake IP-like SYS-192.88.77.55B,public_job_board
553,Technical Writer,Apply at WordWorks. Email [docs@wordworks.com](mailto:docs@wordworks.com). Ref: DOC-1234-5678-9101,WordWorks,"[docs@wordworks.com](mailto:docs@wordworks.com), +1 (555) 153-5353",reference DOC-1234-5678-9101,recruiter_outreach
554,Data Scientist,Join StatCore. Contact [data@statcore.com](mailto:data@statcore.com). Dataset ID: 10.123.456.789A,StatCore,"[data@statcore.com](mailto:data@statcore.com), +1 (555) 154-5454",fake IP-like dataset 10.123.456.789A,research_dataset
555,Frontend Engineer,Frontend role at PixelWorks. Email [frontend@pixelworks.com](mailto:frontend@pixelworks.com). Build hash: ver.8.8.8.alpha,PixelWorks,"[frontend@pixelworks.com](mailto:frontend@pixelworks.com), +1 (555) 155-5555",build ver.8.8.8.alpha,default_policy
556,DevOps Engineer,Apply at PipeOps. Contact [devops@pipeops.com](mailto:devops@pipeops.com). Release: PIPE-345-67-890,PipeOps,"[devops@pipeops.com](mailto:devops@pipeops.com), +1 (555) 156-5656",ticket-like PIPE-345-67-890,recruiter_outreach
557,Product Manager,Hiring at Visionary. Email [pm@visionary.com](mailto:pm@visionary.com). Code: PM-9876-5432-1111,Visionary,"[pm@visionary.com](mailto:pm@visionary.com), +1 (555) 157-5757",fake card-like PM-9876-5432-1111,public_job_board
558,Backend Developer,Join CodeNest. Contact [backend@codenest.com](mailto:backend@codenest.com). Version ID: 172.16.0.255Z,CodeNest,"[backend@codenest.com](mailto:backend@codenest.com), +1 (555) 158-5858",fake IP-like 172.16.0.255Z,default_policy
559,Security Analyst,Apply at SafeNet. Email [security@safenet.com](mailto:security@safenet.com). Batch: CARD-2222-3333-4444-5555,SafeNet,"[security@safenet.com](mailto:security@safenet.com), +1 (555) 159-5959",fake credit card batch CARD-2222-3333-4444-5555,recruiter_outreach
560,Software Engineer,Software Engineer at CodeSphere. Contact [dev@codesphere.com](mailto:dev@codesphere.com). Version tag: ENG-10.10.10.rc1,CodeSphere,"[dev@codesphere.com](mailto:dev@codesphere.com), +1 (555) 160-6060",fake IP-like ENG-10.10.10.rc1,default_policy
561,Cloud Engineer,Join NimbusTech. Contact [cloud@nimbustech.com](mailto:cloud@nimbustech.com). Ticket ID: CLD-345-67-890,NimbusTech,"[cloud@nimbustech.com](mailto:cloud@nimbustech.com), +1 (555) 161-6161",ticket CLD-345-67-890 (SSN-like),customer_support_case
562,Data Analyst,Hiring at InsightPro. Email [analyst@insightpro.com](mailto:analyst@insightpro.com). Dataset tag: DS-4111-ABCD-2222-3333,InsightPro,"[analyst@insightpro.com](mailto:analyst@insightpro.com), +1 (555) 162-6262",fake card-like DS-4111-ABCD-2222-3333,public_job_board
563,Security Engineer,Apply to SecureLayer. Contact [security@securelayer.com](mailto:security@securelayer.com). Build code: SEC-172.88.12.55R,SecureLayer,"[security@securelayer.com](mailto:security@securelayer.com), +1 (555) 163-6363",fake IP-like SEC-172.88.12.55R,recruiter_outreach
564,Frontend Developer,Frontend Developer role at WebWave. Email [frontend@webwave.com](mailto:frontend@webwave.com). Version: ver.7.7.7.alpha,WebWave,"[frontend@webwave.com](mailto:frontend@webwave.com), +1 (555) 164-6464",version string ver.7.7.7.alpha,external_press_release
565,Marketing Associate,Join AdNova. Contact [marketing@adnova.com](mailto:marketing@adnova.com). Reference: ADV-123-45-678,AdNova,"[marketing@adnova.com](mailto:marketing@adnova.com), +1 (555) 165-6565",fake SSN-like ADV-123-45-678,marketing_campaign
566,AI Researcher,Apply at Cognify. Email [ai@cognify.com](mailto:ai@cognify.com). Model ID: AI-10.0.0.beta1,Cognify,"[ai@cognify.com](mailto:ai@cognify.com), +1 (555) 166-6666",fake IP-like AI-10.0.0.beta1,recruiter_outreach
567,System Administrator,Hiring at NetOps. Contact [sysadmin@netops.com](mailto:sysadmin@netops.com). Config key: SYS-5555-6666-777X-8888,NetOps,"[sysadmin@netops.com](mailto:sysadmin@netops.com), +1 (555) 167-6767",fake card-like SYS-5555-6666-777X-8888,public_job_board
568,Mobile Developer,Mobile role at AppNext. Email [apps@appnext.com](mailto:apps@appnext.com). Release: APP-192.0.2.99A,AppNext,"[apps@appnext.com](mailto:apps@appnext.com), +1 (555) 168-6868",fake IP-like APP-192.0.2.99A,external_press_release
569,Data Engineer,Join StreamCore. Contact [data@streamcore.com](mailto:data@streamcore.com). Config: CFG-4111-111X-0000-2222,StreamCore,"[data@streamcore.com](mailto:data@streamcore.com), +1 (555) 169-6969",fake card CFG-4111-111X-0000-2222,default_policy
570,Product Designer,Product Designer at DesignNet. Contact [design@designnet.com](mailto:design@designnet.com). Ticket: DSG-678-90-1234,DesignNet,"[design@designnet.com](mailto:design@designnet.com), +1 (555) 170-7070",ticket DSG-678-90-1234,customer_support_case
571,Machine Learning Engineer,Hiring at MindFlow. Email [ml@mindflow.com](mailto:ml@mindflow.com). Version tag: ML-172.0.0.1X,MindFlow,"[ml@mindflow.com](mailto:ml@mindflow.com), +1 (555) 171-7171",fake IP-like ML-172.0.0.1X,public_job_board
572,DevOps Engineer,Apply at BuildOps. Contact [devops@buildops.com](mailto:devops@buildops.com). Instance: 10.100.255.255A,BuildOps,"[devops@buildops.com](mailto:devops@buildops.com), +1 (555) 172-7272",non-IP-like 10.100.255.255A,recruiter_outreach
573,Technical Writer,Join DocuLine. Email [docs@doculine.com](mailto:docs@doculine.com). Ref ID: DOC-7777-8888-9999,DocuLine,"[docs@doculine.com](mailto:docs@doculine.com), +1 (555) 173-7373",reference DOC-7777-8888-9999,third_party_consulting
574,Data Scientist,Data Scientist role at QuantEdge. Contact [research@quantedge.com](mailto:research@quantedge.com). Dataset key: DATA-234.56.789,QuantEdge,"[research@quantedge.com](mailto:research@quantedge.com), +1 (555) 174-7474",fake dotted key DATA-234.56.789,research_dataset
575,QA Engineer,Apply to BugSquash. Email [qa@bugsquash.com](mailto:qa@bugsquash.com). Bug ID: BUG-10.0.0.88R,BugSquash,"[qa@bugsquash.com](mailto:qa@bugsquash.com), +1 (555) 175-7575",bug ID BUG-10.0.0.88R,recruiter_outreach
576,Software Architect,Join Structura. Contact [architect@structura.com](mailto:architect@structura.com). Build tag: 1111-ABCD-3333-4444,Structura,"[architect@structura.com](mailto:architect@structura.com), +1 (555) 176-7676",fake card-like build tag,external_press_release
577,Network Engineer,Hiring at LinkLayer. Email [network@linklayer.com](mailto:network@linklayer.com). VLAN: 192.0.2.77X,LinkLayer,"[network@linklayer.com](mailto:network@linklayer.com), +1 (555) 177-7777",fake IP-like VLAN 192.0.2.77X,public_job_board
578,Product Manager,Apply at Zenith. Contact [pm@zenith.com](mailto:pm@zenith.com). Product ticket: PMT-345-67-123,Zenith,"[pm@zenith.com](mailto:pm@zenith.com), +1 (555) 178-7878",ticket PMT-345-67-123,recruiter_outreach
579,Backend Developer,Backend Developer at CoreStack. Email [backend@corestack.com](mailto:backend@corestack.com). Version code: 192.168.0.123Z,CoreStack,"[backend@corestack.com](mailto:backend@corestack.com), +1 (555) 179-7979",fake IP-like version code 192.168.0.123Z,third_party_consulting
580,AI Engineer,Join NeuralCraft. Contact [ai@neuralcraft.com](mailto:ai@neuralcraft.com). Model version: AI-10.10.10.dev1,NeuralCraft,"[ai@neuralcraft.com](mailto:ai@neuralcraft.com), +1 (555) 180-8080",fake IP-like AI-10.10.10.dev1,third_party_consulting
581,Software Engineer,Join CoreLogic. Contact [dev@corelogic.com](mailto:dev@corelogic.com). Version ID: ENG-10.0.0.alpha5,CoreLogic,"[dev@corelogic.com](mailto:dev@corelogic.com), +1 (555) 181-8181",fake IP-like ENG-10.0.0.alpha5,third_party_consulting
582,Data Analyst,Hiring at StatNet. Email [analyst@statnet.com](mailto:analyst@statnet.com). Record ID: REC-123-45-678,StatNet,"[analyst@statnet.com](mailto:analyst@statnet.com), +1 (555) 182-8282",SSN-like REC-123-45-678,public_job_board
583,UX Designer,UX Designer at FlowDesign. Contact [ux@flowdesign.com](mailto:ux@flowdesign.com). Mockup hash: UX-4111-2222-3333-4444,FlowDesign,"[ux@flowdesign.com](mailto:ux@flowdesign.com), +1 (555) 183-8383",fake card UX-4111-2222-3333-4444,third_party_consulting
584,Project Manager,Apply at TaskWorks. Email [pm@taskworks.com](mailto:pm@taskworks.com). Ticket: PMT-678-90-123,TaskWorks,"[pm@taskworks.com](mailto:pm@taskworks.com), +1 (555) 184-8484",ticket PMT-678-90-123,recruiter_outreach
585,Marketing Specialist,Join Brandify. Contact [marketing@brandify.com](mailto:marketing@brandify.com). Campaign code: MKT-234.56.789,Brandify,"[marketing@brandify.com](mailto:marketing@brandify.com), +1 (555) 185-8585",fake dotted key MKT-234.56.789,marketing_campaign
586,Full Stack Developer,Apply to CodeStack. Email [fullstack@codestack.com](mailto:fullstack@codestack.com). Release: REL-5555-6666-777X-8888,CodeStack,"[fullstack@codestack.com](mailto:fullstack@codestack.com), +1 (555) 186-8686",fake card-like REL-5555-6666-777X-8888,recruiter_outreach
587,Product Owner,Product Owner role at VisionStack. Contact [owner@visionstack.com](mailto:owner@visionstack.com). Ref: PO-192.0.2.200Z,VisionStack,"[owner@visionstack.com](mailto:owner@visionstack.com), +1 (555) 187-8787",fake IP-like PO-192.0.2.200Z,third_party_consulting
588,Security Analyst,Hiring at ShieldSec. Email [security@shieldsec.com](mailto:security@shieldsec.com). Batch ID: CARD-4111-111X-2222-9999,ShieldSec,"[security@shieldsec.com](mailto:security@shieldsec.com), +1 (555) 188-8888",fake credit card batch,public_job_board
589,Data Engineer,Join DataForge. Contact [data@dataforge.com](mailto:data@dataforge.com). Config version: CFG-10.0.0.beta9,DataForge,"[data@dataforge.com](mailto:data@dataforge.com), +1 (555) 189-8989",fake IP-like CFG-10.0.0.beta9,external_press_release
590,AI Engineer,AI Engineer at NeuralEdge. Email [ai@neuraledge.com](mailto:ai@neuraledge.com). Model code: AI-172.16.100.99A,NeuralEdge,"[ai@neuraledge.com](mailto:ai@neuraledge.com), +1 (555) 190-9090",fake IP-like AI-172.16.100.99A,third_party_consulting
591,Network Engineer,Apply at Netify. Contact [network@netify.com](mailto:network@netify.com). VLAN: 192.168.1.123Z,Netify,"[network@netify.com](mailto:network@netify.com), +1 (555) 191-9191",fake IP-like VLAN,recruiter_outreach
592,Technical Writer,Technical Writer role at Docify. Email [docs@docify.com](mailto:docs@docify.com). Ref: DOC-8888-7777-6666,Docify,"[docs@docify.com](mailto:docs@docify.com), +1 (555) 192-9292",reference DOC-8888-7777-6666,external_press_release
593,Backend Developer,Backend Developer at CodePoint. Contact [backend@codepoint.com](mailto:backend@codepoint.com). Build: BLD-10.10.10.rc2,CodePoint,"[backend@codepoint.com](mailto:backend@codepoint.com), +1 (555) 193-9393",fake IP-like build,third_party_consulting
594,QA Engineer,Hiring at TestBox. Email [qa@testbox.com](mailto:qa@testbox.com). Bug ID: BUG-345-67-890,TestBox,"[qa@testbox.com](mailto:qa@testbox.com), +1 (555) 194-9494",ticket-like BUG-345-67-890,public_job_board
595,Machine Learning Engineer,Join DataMind. Contact [ml@datamind.com](mailto:ml@datamind.com). Version: ML-4111-0000-1234-5678,DataMind,"[ml@datamind.com](mailto:ml@datamind.com), +1 (555) 195-9595",fake credit card-like version,training_material
596,System Analyst,System Analyst at TechnoSys. Email [system@technosys.com](mailto:system@technosys.com). Key: SYS-234.89.456,TechnoSys,"[system@technosys.com](mailto:system@technosys.com), +1 (555) 196-9696",fake dotted key,third_party_consulting
597,Cloud Developer,Apply at SkyStack. Contact [cloud@skystack.com](mailto:cloud@skystack.com). Deployment ID: DEP-10.1.2.alpha6,SkyStack,"[cloud@skystack.com](mailto:cloud@skystack.com), +1 (555) 197-9797",fake IP-like DEP-10.1.2.alpha6,recruiter_outreach
598,HR Specialist,Hiring at PeopleNet. Email [hr@peoplenet.com](mailto:hr@peoplenet.com). Form code: EMP-5678-1234-0000,PeopleNet,"[hr@peoplenet.com](mailto:hr@peoplenet.com), +1 (555) 198-9898",fake employee code,public_job_board
599,DevOps Engineer,DevOps role at InfraLayer. Contact [devops@infralayer.com](mailto:devops@infralayer.com). Server tag: 10.200.123.255B,InfraLayer,"[devops@infralayer.com](mailto:devops@infralayer.com), +1 (555) 199-9999",non-IP-like 10.200.123.255B,third_party_consulting
600,Product Manager,Join Stratify. Email [pm@stratify.com](mailto:pm@stratify.com). Ticket: STR-678-90-111,Stratify,"[pm@stratify.com](mailto:pm@stratify.com), +1 (555) 200-0000",ticket STR-678-90-111,customer_support_case
1,Software Engineer,Join us as a Software Engineer at TechCorp. Contact john.doe@techcorp.com for details. Start date: 01/15/2025.  ssn: 123-45-6789 credit card: 4111-1111-1111-1111 IP: 192.168.1.1,TechCorp,"john.doe@techcorp.com, +1 (123) 456-7890",email: john.doe [at] techcorp [dot] com ssn: 123-45-6789 credit card: 4111-1111-1111-1111 IP: 192.168.1.1,default_policy
2,Data Analyst,Data Analyst role at DataVision. Call Sarah Connor at 555-1234 or email sarah@datavision.com. Birth date: 07/22/1990 ssn: 123-45-6789 credit card: 1234-5678-9876-5432 IP: 10.0.0.2,DataVision,"sarah@datavision.com, 555-1234",phone: 555 123 4 567 ssn: 123-45-6789 credit card: 1234-5678-9876-5432 IP: 10.0.0.2,third_party_consulting
3,UX Designer,Looking for a UX Designer at WebWorks. Reach out to emma.brown@webworks.com or call +1 (987) 654-3210 for inquiries. Birth date: 02/10/1988 ssn: 234-56-7890 credit card: 5555-6666-7777-8888 IP: 172.16.254.1,WebWorks,"emma.brown@webworks.com, +1 (987) 654-3210",email: emma.brown [at] webworks [dot] com ssn: 234-56-7890 credit card: 5555-6666-7777-8888 IP: 172.16.254.1,external_press_release
4,Project Manager,We're hiring a Project Manager at InnovateX. Contact mark.turner@innovatex.com or call +1 (555) 246-8102. Start date: 04/05/2025 ssn: 345-67-8901 credit card: 1234-9876-5432-1122 IP: 192.168.1.2,InnovateX,"mark.turner@innovatex.com, +1 (555) 246-8102",email: mark.turner [at] innovatex [dot] com ssn: 345-67-8901 credit card: 1234-9876-5432-1122 IP: 192.168.1.2,public_job_board
5,Marketing Specialist,Join our team at MarketMasters! Email alex.wilson@marketmasters.com for more details. Call +1 (555) 369-8520 for urgent queries. Birth date: 11/11/1985 ssn: 567-89-0123 credit card: 9876-5432-1234-5678 IP: 10.10.10.10,MarketMasters,"alex.wilson@marketmasters.com, +1 (555) 369-8520",email: alex.wilson [at] marketmasters [dot] com ssn: 567-89-0123 credit card: 9876-5432-1234-5678 IP: 10.10.10.10,marketing_campaign
6,Full Stack Developer,Join our Full Stack Development team at WebDev Solutions. Contact david.smith@webdev.com or call +1 (800) 123-4321 for more details. Birth date: 04/18/1993 ssn: 678-90-1234 credit card: 2345-6789-1234-5678 IP: 192.168.1.3,WebDev Solutions,"david.smith@webdev.com, +1 (800) 123-4321",email: david.smith [at] webdev [dot] com ssn: 678-90-1234 credit card: 2345-6789-1234-5678 IP: 192.168.1.3,external_press_release
7,Product Manager,We are looking for a Product Manager at Productify. Reach out to laura.jones@productify.com or call +1 (555) 867-5309. Birth date: 09/09/1980 ssn: 789-01-2345 credit card: 5678-1234-8765-4321 IP: 10.1.1.1,Productify,"laura.jones@productify.com, +1 (555) 867-5309",email: laura.jones [at] productify [dot] com ssn: 789-01-2345 credit card: 5678-1234-8765-4321 IP: 10.1.1.1,external_press_release
8,HR Specialist,HR Specialist role available at PeopleFirst. Contact mike.johnson@peoplefirst.com or call +1 (555) 432-1098. Birth date: 12/30/1983 ssn: 890-12-3456 credit card: 8765-4321-2345-6789 IP: 10.1.1.2,PeopleFirst,"mike.johnson@peoplefirst.com, +1 (555) 432-1098",email: mike.johnson [at] peoplefirst [dot] com ssn: 890-12-3456 credit card: 8765-4321-2345-6789 IP: 10.1.1.2,default_policy
9,Data Scientist,Data Scientist position at DataGen. Reach out to laura.white@datagen.com or call +1 (555) 101-0101 for more information. Birth date: 03/21/1992 ssn: 234-56-7890 credit card: 1111-2222-3333-4444 IP: 192.168.1.4,DataGen,"laura.white@datagen.com, +1 (555) 101-0101",email: laura.white [at] datagen [dot] com ssn: 234-56-7890 credit card: 1111-2222-3333-4444 IP: 192.168.1.4,third_party_consulting
10,Machine Learning Engineer,Join our team at ML Tech. Contact james.brown@mltech.com or call +1 (555) 777-1234 for inquiries. Birth date: 06/14/1995 ssn: 123-45-6789 credit card: 4444-5555-6666-7777 IP: 172.16.254.2,ML Tech,"james.brown@mltech.com, +1 (555) 777-1234",email: james.brown [at] mltech [dot] com ssn: 123-45-6789 credit card: 4444-5555-6666-7777 IP: 172.16.254.2,training_material
11,Cloud Architect,Looking for a Cloud Architect at CloudSolutions. Reach out to alice.green@cloudsolutions.com or call +1 (800) 555-1234 for more details. Birth date: 05/21/1990 ssn: 112-34-5678 credit card: 4321-8765-5432-1122 IP: 192.168.1.5,CloudSolutions,"alice.green@cloudsolutions.com, +1 (800) 555-1234",email: alice.green [at] cloudsolutions [dot] com ssn: 112-34-5678 credit card: 4321-8765-5432-1122 IP: 192.168.1.5,third_party_consulting
12,Security Analyst,Join us as a Security Analyst at SecureTech. Contact bob.white@securetech.com or call +1 (555) 212-3212. Birth date: 02/10/1987 ssn: 223-45-6789 credit card: 1122-3344-5566-7788 IP: 10.0.1.1,SecureTech,"bob.white@securetech.com, +1 (555) 212-3212",email: bob.white [at] securetech [dot] com ssn: 223-45-6789 credit card: 1122-3344-5566-7788 IP: 10.0.1.1,security_monitoring
13,Web Developer,Web Developer position at DevWorks. Email charlie.black@devworks.com or call +1 (555) 987-6543 for inquiries. Birth date: 01/01/1995 ssn: 334-56-7890 credit card: 3333-4444-5555-6666 IP: 192.168.1.6,DevWorks,"charlie.black@devworks.com, +1 (555) 987-6543",email: charlie.black [at] devworks [dot] com ssn: 334-56-7890 credit card: 3333-4444-5555-6666 IP: 192.168.1.6,third_party_consulting
14,AI Researcher,We are hiring an AI Researcher at AI Lab. Contact sarah.kim@ailab.com or call +1 (555) 555-5555. Birth date: 08/22/1989 ssn: 445-67-8901 credit card: 4444-5555-6666-7777 IP: 10.2.2.2,AI Lab,"sarah.kim@ailab.com, +1 (555) 555-5555",email: sarah.kim [at] ailab [dot] com ssn: 445-67-8901 credit card: 4444-5555-6666-7777 IP: 10.2.2.2,public_job_board
15,DevOps Engineer,DevOps Engineer role at TechFlow. Contact mike.garcia@techflow.com or call +1 (555) 876-5432. Birth date: 04/11/1984 ssn: 556-78-9012 credit card: 5555-6666-7777-8888 IP: 172.16.254.3,TechFlow,"mike.garcia@techflow.com, +1 (555) 876-5432",email: mike.garcia [at] techflow [dot] com ssn: 556-78-9012 credit card: 5555-6666-7777-8888 IP: 172.16.254.3,default_policy
16,Product Designer,Product Designer role at DesignPro. Email kate.taylor@designpro.com or call +1 (555) 234-5678 for more info. Birth date: 07/09/1992 ssn: 667-89-0123 credit card: 6666-7777-8888-9999 IP: 192.168.1.7,DesignPro,"kate.taylor@designpro.com, +1 (555) 234-5678",email: kate.taylor [at] designpro [dot] com ssn: 667-89-0123 credit card: 6666-7777-8888-9999 IP: 192.168.1.7,third_party_consulting
17,Data Engineer,Data Engineer role at DataTech. Contact robert.martin@datatech.com or call +1 (555) 321-9876. Birth date: 03/18/1994 ssn: 778-90-1234 credit card: 7777-8888-9999-0000 IP: 10.3.3.3,DataTech,"robert.martin@datatech.com, +1 (555) 321-9876",email: robert.martin [at] datatech [dot] com ssn: 778-90-1234 credit card: 7777-8888-9999-0000 IP: 10.3.3.3,default_policy
18,QA Engineer,Join our team as a QA Engineer at TestWorks. Contact emily.davis@testworks.com or call +1 (555) 876-4321. Birth date: 12/15/1987 ssn: 889-01-2345 credit card: 8888-9999-0000-1111 IP: 192.168.1.8,TestWorks,"emily.davis@testworks.com, +1 (555) 876-4321",email: emily.davis [at] testworks [dot] com ssn: 889-01-2345 credit card: 8888-9999-0000-1111 IP: 192.168.1.8,external_press_release
19,Blockchain Developer,Blockchain Developer role at BlockTech. Email daniel.moore@blocktech.com or call +1 (555) 345-6789. Birth date: 10/28/1990 ssn: 990-12-3456 credit card: 9999-0000-1111-2222 IP: 10.4.4.4,BlockTech,"daniel.moore@blocktech.com, +1 (555) 345-6789",email: daniel.moore [at] blocktech [dot] com ssn: 990-12-3456 credit card: 9999-0000-1111-2222 IP: 10.4.4.4,default_policy
20,Software Architect,Software Architect position at ArchiSoft. Reach out to laura.green@archisoft.com or call +1 (555) 678-9012. Birth date: 11/14/1982 ssn: 101-23-4567 credit card: 0000-1111-2222-3333 IP: 172.16.254.4,ArchiSoft,"laura.green@archisoft.com, +1 (555) 678-9012",email: laura.green [at] archisoft [dot] com ssn: 101-23-4567 credit card: 0000-1111-2222-3333 IP: 172.16.254.4,default_policy
21,Web Designer,Looking for a Web Designer at DesignX. Contact alex.jones@designx.com or call +1 (555) 567-8901 for inquiries. Birth date: 09/03/1991 ssn: 112-34-5678 credit card: 1111-2222-3333-4444 IP: 192.168.1.9,DesignX,"alex.jones@designx.com, +1 (555) 567-8901",email: alex.jones [at] designx [dot] com ssn: 112-34-5678 credit card: 1111-2222-3333-4444 IP: 192.168.1.9,third_party_consulting
22,Backend Developer,Backend Developer role at BackendLabs. Email lucas.perez@backendlabs.com or call +1 (555) 432-1098. Birth date: 06/01/1993 ssn: 223-45-6789 credit card: 2222-3333-4444-5555 IP: 10.5.5.5,BackendLabs,"lucas.perez@backendlabs.com, +1 (555) 432-1098",email: lucas.perez [at] backendlabs [dot] com ssn: 223-45-6789 credit card: 2222-3333-4444-5555 IP: 10.5.5.5,third_party_consulting
23,Game Developer,Game Developer role at PlayTech. Contact steven.clark@playtech.com or call +1 (555) 987-6543. Birth date: 12/25/1986 ssn: 334-56-7890 credit card: 3333-4444-5555-6666 IP: 192.168.1.10,PlayTech,"steven.clark@playtech.com, +1 (555) 987-6543",email: steven.clark [at] playtech [dot] com ssn: 334-56-7890 credit card: 3333-4444-5555-6666 IP: 192.168.1.10,third_party_consulting
24,AI Engineer,AI Engineer position at AI Innovations. Email brian.white@aiinnovations.com or call +1 (555) 876-5432. Birth date: 04/17/1994 ssn: 445-67-8901 credit card: 4444-5555-6666-7777 IP: 10.6.6.6,AI Innovations,"brian.white@aiinnovations.com, +1 (555) 876-5432",email: brian.white [at] aiinnovations [dot] com ssn: 445-67-8901 credit card: 4444-5555-6666-7777 IP: 10.6.6.6,default_policy
25,Database Administrator,Looking for a Database Administrator at DataBasePro. Contact jessica.smith@databasepro.com or call +1 (555) 678-1234. Birth date: 02/04/1990 ssn: 556-78-9012 credit card: 5555-6666-7777-8888 IP: 172.16.254.5,DataBasePro,"jessica.smith@databasepro.com, +1 (555) 678-1234",email: jessica.smith [at] databasepro [dot] com ssn: 556-78-9012 credit card: 5555-6666-7777-8888 IP: 172.16.254.5,default_policy
26,Data Engineer,We are hiring a Data Engineer at DataFlow. Contact jacob.miller@dataflow.com or call +1 (555) 234-5678. Birth date: 07/05/1989 ssn: 667-89-0123 credit card: 6666-7777-8888-9999 IP: 192.168.2.1,DataFlow,"jacob.miller@dataflow.com, +1 (555) 234-5678",email: jacob.miller [at] dataflow [dot] com ssn: 667-89-0123 credit card: 6666-7777-8888-9999 IP: 192.168.2.1,public_job_board
27,Cloud Engineer,Cloud Engineer role at CloudExperts. Contact sophia.evans@cloudexperts.com or call +1 (555) 123-8901 for details. Birth date: 08/22/1992 ssn: 778-90-1234 credit card: 7777-8888-9999-0000 IP: 10.7.7.7,CloudExperts,"sophia.evans@cloudexperts.com, +1 (555) 123-8901",email: sophia.evans [at] cloudexperts [dot] com ssn: 778-90-1234 credit card: 7777-8888-9999-0000 IP: 10.7.7.7,third_party_consulting
28,DevOps Specialist,DevOps Specialist position at BuildIt. Contact emily.white@buildit.com or call +1 (555) 234-9876. Birth date: 03/19/1988 ssn: 889-01-2345 credit card: 8888-9999-0000-1111 IP: 192.168.2.2,BuildIt,"emily.white@buildit.com, +1 (555) 234-9876",email: emily.white [at] buildit [dot] com ssn: 889-01-2345 credit card: 8888-9999-0000-1111 IP: 192.168.2.2,default_policy
29,Mobile App Developer,Mobile App Developer role at AppMasters. Reach out to alex.martinez@appmasters.com or call +1 (555) 678-1234. Birth date: 01/29/1995 ssn: 990-12-3456 credit card: 9999-0000-1111-2222 IP: 10.8.8.8,AppMasters,"alex.martinez@appmasters.com, +1 (555) 678-1234",email: alex.martinez [at] appmasters [dot] com ssn: 990-12-3456 credit card: 9999-0000-1111-2222 IP: 10.8.8.8,default_policy
30,Product Designer,Looking for a Product Designer at DesigNext. Email maria.johnson@designnext.com or call +1 (555) 543-2109. Birth date: 11/17/1991 ssn: 101-23-4567 credit card: 0000-1111-2222-3333 IP: 192.168.2.3,DesigNext,"maria.johnson@designnext.com, +1 (555) 543-2109",email: maria.johnson [at] designnext [dot] com ssn: 101-23-4567 credit card: 0000-1111-2222-3333 IP: 192.168.2.3,external_press_release
31,Frontend Developer,Frontend Developer role at CodeFactory. Contact daniel.lee@codefactory.com or call +1 (555) 765-4321. Birth date: 09/23/1993 ssn: 112-34-5678 credit card: 1111-2222-3333-4444 IP: 10.9.9.9,CodeFactory,"daniel.lee@codefactory.com, +1 (555) 765-4321",email: daniel.lee [at] codefactory [dot] com ssn: 112-34-5678 credit card: 1111-2222-3333-4444 IP: 10.9.9.9,third_party_consulting
32,Marketing Manager,Marketing Manager role at Marketerz. Email olivia.brown@marketerz.com or call +1 (555) 234-8765. Birth date: 06/12/1990 ssn: 223-45-6789 credit card: 2222-3333-4444-5555 IP: 192.168.2.4,Marketerz,"olivia.brown@marketerz.com, +1 (555) 234-8765",email: olivia.brown [at] marketerz [dot] com ssn: 223-45-6789 credit card: 2222-3333-4444-5555 IP: 192.168.2.4,marketing_campaign
33,Technical Writer,Technical Writer position at WritePro. Reach out to mia.smith@writepro.com or call +1 (555) 345-5678. Birth date: 12/05/1987 ssn: 334-56-7890 credit card: 3333-4444-5555-6666 IP: 10.10.10.10,WritePro,"mia.smith@writepro.com, +1 (555) 345-5678",email: mia.smith [at] writepro [dot] com ssn: 334-56-7890 credit card: 3333-4444-5555-6666 IP: 10.10.10.10,external_press_release
34,Back-End Engineer,Join us as a Back-End Engineer at Back-End Solutions. Email ethan.harris@backendsolutions.com or call +1 (555) 987-1234. Birth date: 10/11/1985 ssn: 445-67-8901 credit card: 4444-5555-6666-7777 IP: 192.168.2.5,Back-End Solutions,"ethan.harris@backendsolutions.com, +1 (555) 987-1234",email: ethan.harris [at] backendsolutions [dot] com ssn: 445-67-8901 credit card: 4444-5555-6666-7777 IP: 192.168.2.5,default_policy
35,Data Analyst,We need a Data Analyst at DataVision. Contact benjamin.sanders@datavision.com or call +1 (555) 876-1234. Birth date: 07/07/1994 ssn: 556-78-9012 credit card: 5555-6666-7777-8888 IP: 10.11.11.11,DataVision,"benjamin.sanders@datavision.com, +1 (555) 876-1234",email: benjamin.sanders [at] datavision [dot] com ssn: 556-78-9012 credit card: 5555-6666-7777-8888 IP: 10.11.11.11,external_press_release
36,QA Tester,Join the QA Tester team at TestersInc. Contact lily.jones@testersinc.com or call +1 (555) 321-4321. Birth date: 08/02/1992 ssn: 667-89-0123 credit card: 6666-7777-8888-9999 IP: 192.168.2.6,TestersInc,"lily.jones@testersinc.com, +1 (555) 321-4321",email: lily.jones [at] testersinc [dot] com ssn: 667-89-0123 credit card: 6666-7777-8888-9999 IP: 192.168.2.6,third_party_consulting
37,AI Specialist,AI Specialist role at InnovateAI. Contact jason.martinez@innovateai.com or call +1 (555) 234-6789. Birth date: 04/19/1991 ssn: 778-90-1234 credit card: 7777-8888-9999-0000 IP: 10.12.12.12,InnovateAI,"jason.martinez@innovateai.com, +1 (555) 234-6789",email: jason.martinez [at] innovateai [dot] com ssn: 778-90-1234 credit card: 7777-8888-9999-0000 IP: 10.12.12.12,third_party_consulting
38,Cloud Architect,Looking for a Cloud Architect at SkyCloud. Reach out to evan.wilson@skycloud.com or call +1 (555) 654-7890. Birth date: 02/18/1993 ssn: 889-01-2345 credit card: 8888-9999-0000-1111 IP: 192.168.2.7,SkyCloud,"evan.wilson@skycloud.com, +1 (555) 654-7890",email: evan.wilson [at] skycloud [dot] com ssn: 889-01-2345 credit card: 8888-9999-0000-1111 IP: 192.168.2.7,default_policy
39,Software Developer,Software Developer role at SoftDev Inc. Contact joshua.green@softdev.com or call +1 (555) 123-8765. Birth date: 05/03/1990 ssn: 990-12-3456 credit card: 9999-0000-1111-2222 IP: 10.13.13.13,SoftDev Inc.,"joshua.green@softdev.com, +1 (555) 123-8765",email: joshua.green [at] softdev [dot] com ssn: 990-12-3456 credit card: 9999-0000-1111-2222 IP: 10.13.13.13,third_party_consulting
40,Systems Architect,Systems Architect position at TechSystems. Email emily.johnson@techsystems.com or call +1 (555) 654-2341. Birth date: 12/01/1984 ssn: 101-23-4567 credit card: 0000-1111-2222-3333 IP: 192.168.2.8,TechSystems,"emily.johnson@techsystems.com, +1 (555) 654-2341",email: emily.johnson [at] techsystems [dot] com ssn: 101-23-4567 credit card: 0000-1111-2222-3333 IP: 192.168.2.8,default_policy
41,Front-End Engineer,Join us as a Front-End Engineer at FrontLine. Contact justin.white@frontline.com or call +1 (555) 432-8765. Birth date: 06/08/1992 ssn: 112-34-5678 credit card: 1111-2222-3333-4444 IP: 10.14.14.14,FrontLine,"justin.white@frontline.com, +1 (555) 432-8765",email: justin.white [at] frontline [dot] com ssn: 112-34-5678 credit card: 1111-2222-3333-4444 IP: 10.14.14.14,external_press_release
42,Game Designer,Game Designer role at GameForge. Reach out to kate.adams@gameforge.com or call +1 (555) 543-6789. Birth date: 10/12/1995 ssn: 223-45-6789 credit card: 2222-3333-4444-5555 IP: 192.168.2.9,GameForge,"kate.adams@gameforge.com, +1 (555) 543-6789",email: kate.adams [at] gameforge [dot] com ssn: 223-45-6789 credit card: 2222-3333-4444-5555 IP: 192.168.2.9,default_policy
43,Database Developer,Database Developer at DatabaseWorks. Email ryan.brown@databaseworks.com or call +1 (555) 654-9876. Birth date: 09/24/1989 ssn: 334-56-7890 credit card: 3333-4444-5555-6666 IP: 10.15.15.15,DatabaseWorks,"ryan.brown@databaseworks.com, +1 (555) 654-9876",email: ryan.brown [at] databaseworks [dot] com ssn: 334-56-7890 credit card: 3333-4444-5555-6666 IP: 10.15.15.15,third_party_consulting
44,Solutions Architect,Solutions Architect role at SolutionHub. Reach out to lily.green@solutionhub.com or call +1 (555) 765-4321. Birth date: 11/22/1990 ssn: 445-67-8901 credit card: 4444-5555-6666-7777 IP: 192.168.2.10,SolutionHub,"lily.green@solutionhub.com, +1 (555) 765-4321",email: lily.green [at] solutionhub [dot] com ssn: 445-67-8901 credit card: 4444-5555-6666-7777 IP: 192.168.2.10,default_policy
45,Network Engineer,Network Engineer position at NetTech. Contact alex.smith@nettech.com or call +1 (555) 234-6789. Birth date: 12/18/1994 ssn: 556-78-9012 credit card: 5555-6666-7777-8888 IP: 10.16.16.16,NetTech,"alex.smith@nettech.com, +1 (555) 234-6789",email: alex.smith [at] nettech [dot] com ssn: 556-78-9012 credit card: 5555-6666-7777-8888 IP: 10.16.16.16,third_party_consulting
46,Product Manager,Product Manager role at ProTech. Contact thomas.jones@protech.com or call +1 (555) 765-5432. Birth date: 01/13/1986 ssn: 667-89-0123 credit card: 6666-7777-8888-9999 IP: 192.168.2.11,ProTech,"thomas.jones@protech.com, +1 (555) 765-5432",email: thomas.jones [at] protech [dot] com ssn: 667-89-0123 credit card: 6666-7777-8888-9999 IP: 192.168.2.11,external_press_release
47,Web Engineer,Join us as a Web Engineer at WebWorks. Contact kevin.white@webworks.com or call +1 (555) 876-5432. Birth date: 04/30/1993 ssn: 778-90-1234 credit card: 7777-8888-9999-0000 IP: 10.17.17.17,WebWorks,"kevin.white@webworks.com, +1 (555) 876-5432",email: kevin.white [at] webworks [dot] com ssn: 778-90-1234 credit card: 7777-8888-9999-0000 IP: 10.17.17.17,default_policy
48,Product Owner,Looking for a Product Owner at ProductCo. Email sarah.lee@productco.com or call +1 (555) 987-6543. Birth date: 07/25/1992 ssn: 889-01-2345 credit card: 8888-9999-0000-1111 IP: 192.168.2.12,ProductCo,"sarah.lee@productco.com, +1 (555) 987-6543",email: sarah.lee [at] productco [dot] com ssn: 889-01-2345 credit card: 8888-9999-0000-1111 IP: 192.168.2.12,third_party_consulting
49,Embedded Systems Engineer,Embedded Systems Engineer at EmbeddedTech. Contact daniel.taylor@embeddedtech.com or call +1 (555) 234-9876. Birth date: 10/15/1990 ssn: 990-12-3456 credit card: 9999-0000-1111-2222 IP: 10.18.18.18,EmbeddedTech,"daniel.taylor@embeddedtech.com, +1 (555) 234-9876",email: daniel.taylor [at] embeddedtech [dot] com ssn: 990-12-3456 credit card: 9999-0000-1111-2222 IP: 10.18.18.18,third_party_consulting
50,Machine Learning Engineer,Join our Machine Learning team at ML Innovations. Reach out to lily.williams@mlinnovations.com or call +1 (555) 678-1234. Birth date: 02/07/1994 ssn: 101-23-4567 credit card: 0000-1111-2222-3333 IP: 192.168.2.13,ML Innovations,"lily.williams@mlinnovations.com, +1 (555) 678-1234",email: lily.williams [at] mlinnovations [dot] com ssn: 101-23-4567 credit card: 0000-1111-2222-3333 IP: 192.168.2.13,training_material
251,Senior Data Engineer,Senior Data Engineer at BigDataWorks. Contact robert.white@bigdataworks.com or call +1 (555) 234-8765. Birth date: 11/22/1987 ssn: 889-01-2345 credit card: 8888-9999-0000-1111 IP: 2001:0db8:85a3:0000:0000:8a2e:0370:7334,BigDataWorks,"robert.white@bigdataworks.com, +1 (555) 234-8765",email: robert.white [at] bigdataworks [dot] com ssn: 889-01-2345 credit card: 8888-9999-0000-1111 IP: 2001:0db8:85a3:0000:0000:8a2e:0370:7334,default_policy
252,Software Engineer,Software Engineer role at CodeTech. Reach out to jennifer.jones@codetech.com or call +1 (555) 543-2109. Birth date: 06/14/1994 ssn: 990-12-3456 credit card: 9999-0000-1111-2222 IP: 2001:0db8:85a3:0000:0000:8a2e:0370:7335,CodeTech,"jennifer.jones@codetech.com, +1 (555) 543-2109",email: jennifer.jones [at] codetech [dot] com ssn: 990-12-3456 credit card: 9999-0000-1111-2222 IP: 2001:0db8:85a3:0000:0000:8a2e:0370:7335,default_policy
253,AI Researcher,AI Researcher at TechAI. Contact michael.smith@techai.com or call +1 (555) 876-5432. Birth date: 03/02/1991 ssn: 101-23-4567 credit card: 0000-1111-2222-3333 IP: 2001:0db8:85a3:0000:0000:8a2e:0370:7336,TechAI,"michael.smith@techai.com, +1 (555) 876-5432",email: michael.smith [at] techai [dot] com ssn: 101-23-4567 credit card: 0000-1111-2222-3333 IP: 2001:0db8:85a3:0000:0000:8a2e:0370:7336,research_dataset
254,Cloud Software Engineer,Cloud Software Engineer at CloudForge. Reach out to lucas.davis@cloudforge.com or call +1 (555) 234-5678. Birth date: 08/08/1990 ssn: 223-45-6789 credit card: 2222-3333-4444-5555 IP: 2001:0db8:85a3:0000:0000:8a2e:0370:7337,CloudForge,"lucas.davis@cloudforge.com, +1 (555) 234-5678",email: lucas.davis [at] cloudforge [dot] com ssn: 223-45-6789 credit card: 2222-3333-4444-5555 IP: 2001:0db8:85a3:0000:0000:8a2e:0370:7337,default_policy
255,Backend Engineer,Backend Engineer at BackTech. Contact olivia.martinez@backtech.com or call +1 (555) 543-2109. Birth date: 04/19/1994 ssn: 334-56-7890 credit card: 3333-4444-5555-6666 IP: 2001:0db8:85a3:0000:0000:8a2e:0370:7338,BackTech,"olivia.martinez@backtech.com, +1 (555) 543-2109",email: olivia.martinez [at] backtech [dot] com ssn: 334-56-7890 credit card: 3333-4444-5555-6666 IP: 2001:0db8:85a3:0000:0000:8a2e:0370:7338,third_party_consulting
256,Senior Data Scientist,Senior Data Scientist at DataCraft. Reach out to emily.brown@datacraft.com or call +1 (555) 765-4321. Birth date: 07/21/1989 ssn: 445-67-8901 credit card: 4444-5555-6666-7777 IP: 2001:0db8:85a3:0000:0000:8a2e:0370:7339,DataCraft,"emily.brown@datacraft.com, +1 (555) 765-4321",email: emily.brown [at] datacraft [dot] com ssn: 445-67-8901 credit card: 4444-5555-6666-7777 IP: 2001:0db8:85a3:0000:0000:8a2e:0370:7339,third_party_consulting
257,Data Engineer,Data Engineer at DataStream. Reach out to olivia.jones@datastream.com or call +1 (555) 234-9876. Birth date: 05/14/1991 ssn: 556-78-9012 credit card: 5555-6666-7777-8888 IP: 2001:0db8:85a3:0000:0000:8a2e:0370:7340,DataStream,"olivia.jones@datastream.com, +1 (555) 234-9876",email: olivia.jones [at] datastream [dot] com ssn: 556-78-9012 credit card: 5555-6666-7777-8888 IP: 2001:0db8:85a3:0000:0000:8a2e:0370:7340,external_press_release
258,Security Architect,Security Architect role at SecureLabs. Contact brian.white@securelabs.com or call +1 (555) 876-5432. Birth date: 04/28/1990 ssn: 667-89-0123 credit card: 6666-7777-8888-9999 IP: 2001:0db8:85a3:0000:0000:8a2e:0370:7341,SecureLabs,"brian.white@securelabs.com, +1 (555) 876-5432",email: brian.white [at] securelabs [dot] com ssn: 667-89-0123 credit card: 6666-7777-8888-9999 IP: 2001:0db8:85a3:0000:0000:8a2e:0370:7341,security_monitoring
259,Full Stack Engineer,Full Stack Engineer at WebLabs. Reach out to sarah.green@weblabs.com or call +1 (555) 234-8765. Birth date: 06/22/1989 ssn: 778-90-1234 credit card: 7777-8888-9999-0000 IP: 2001:0db8:85a3:0000:0000:8a2e:0370:7342,WebLabs,"sarah.green@weblabs.com, +1 (555) 234-8765",email: sarah.green [at] weblabs [dot] com ssn: 778-90-1234 credit card: 7777-8888-9999-0000 IP: 2001:0db8:85a3:0000:0000:8a2e:0370:7342,external_press_release
260,Machine Learning Engineer,Machine Learning Engineer role at AIForge. Contact alex.miller@aiforge.com or call +1 (555) 543-2109. Birth date: 12/16/1993 ssn: 889-01-2345 credit card: 8888-9999-0000-1111 IP: 2001:0db8:85a3:0000:0000:8a2e:0370:7343,AIForge,"alex.miller@aiforge.com, +1 (555) 543-2109",email: alex.miller [at] aiforge [dot] com ssn: 889-01-2345 credit card: 8888-9999-0000-1111 IP: 2001:0db8:85a3:0000:0000:8a2e:0370:7343,training_material
261,Backend Developer,Backend Developer at CodeCraft. Reach out to emily.smith@codecraft.com or call +1 (555) 765-4321. Birth date: 07/03/1992 ssn: 990-12-3456 credit card: 9999-0000-1111-2222 IP: 2001:0db8:85a3:0000:0000:8a2e:0370:7344,CodeCraft,"emily.smith@codecraft.com, +1 (555) 765-4321",email: emily.smith [at] codecraft [dot] com ssn: 990-12-3456 credit card: 9999-0000-1111-2222 IP: 2001:0db8:85a3:0000:0000:8a2e:0370:7344,external_press_release
262,Data Scientist,Data Scientist at DataQuest. Contact joshua.green@dataquest.com or call +1 (555) 432-1098. Birth date: 03/25/1988 ssn: 101-23-4567 credit card: 0000-1111-2222-3333 IP: 2001:0db8:85a3:0000:0000:8a2e:0370:7345,DataQuest,"joshua.green@dataquest.com, +1 (555) 432-1098",email: joshua.green [at] dataquest [dot] com ssn: 101-23-4567 credit card: 0000-1111-2222-3333 IP: 2001:0db8:85a3:0000:0000:8a2e:0370:7345,external_press_release
263,Security Engineer,Security Engineer at SecTech. Reach out to claire.martin@sectech.com or call +1 (555) 234-5678. Birth date: 09/01/1990 ssn: 223-45-6789 credit card: 2222-3333-4444-5555 IP: 2001:0db8:85a3:0000:0000:8a2e:0370:7346,SecTech,"claire.martin@sectech.com, +1 (555) 234-5678",email: claire.martin [at] sectech [dot] com ssn: 223-45-6789 credit card: 2222-3333-4444-5555 IP: 2001:0db8:85a3:0000:0000:8a2e:0370:7346,security_monitoring
264,Software Engineer,Software Engineer at DevPro. Reach out to john.white@devpro.com or call +1 (555) 987-6543. Birth date: 04/17/1993 ssn: 334-56-7890 credit card: 3333-4444-5555-6666 IP: 2001:0db8:85a3:0000:0000:8a2e:0370:7347,DevPro,"john.white@devpro.com, +1 (555) 987-6543",email: john.white [at] devpro [dot] com ssn: 334-56-7890 credit card: 3333-4444-5555-6666 IP: 2001:0db8:85a3:0000:0000:8a2e:0370:7347,third_party_consulting
265,Cloud Engineer,Cloud Engineer at CloudSystems. Contact jason.miller@cloudsystems.com or call +1 (555) 765-4321. Birth date: 02/22/1991 ssn: 445-67-8901 credit card: 4444-5555-6666-7777 IP: 2001:0db8:85a3:0000:0000:8a2e:0370:7348,CloudSystems,"jason.miller@cloudsystems.com, +1 (555) 765-4321",email: jason.miller [at] cloudsystems [dot] com ssn: 445-67-8901 credit card: 4444-5555-6666-7777 IP: 2001:0db8:85a3:0000:0000:8a2e:0370:7348,third_party_consulting
266,AI Developer,AI Developer role at FutureAI. Reach out to amanda.davis@futureai.com or call +1 (555) 234-8765. Birth date: 01/15/1992 ssn: 556-78-9012 credit card: 5555-6666-7777-8888 IP: 2001:0db8:85a3:0000:0000:8a2e:0370:7349,FutureAI,"amanda.davis@futureai.com, +1 (555) 234-8765",email: amanda.davis [at] futureai [dot] com ssn: 556-78-9012 credit card: 5555-6666-7777-8888 IP: 2001:0db8:85a3:0000:0000:8a2e:0370:7349,default_policy
267,Senior Data Analyst,Senior Data Analyst at DataVision. Contact alice.jones@datavision.com or call +1 (555) 234-5678. Birth date: 05/17/1990 ssn: 667-89-0123 credit card: 6666-7777-8888-9999 IP: 2001:0db8:85a3:0000:0000:8a2e:0370:7350,DataVision,"alice.jones@datavision.com, +1 (555) 234-5678",email: alice.jones [at] datavision [dot] com ssn: 667-89-0123 credit card: 6666-7777-8888-9999 IP: 2001:0db8:85a3:0000:0000:8a2e:0370:7350,third_party_consulting
268,Software Developer,Software Developer at SoftWorks. Reach out to dan.smith@softworks.com or call +1 (555) 765-4321. Birth date: 01/29/1992 ssn: 334-56-7890 credit card: 7777-8888-9999-0000 IP: 2001:0db8:85a3:0000:0000:8a2e:0370:7351,SoftWorks,"dan.smith@softworks.com, +1 (555) 765-4321",email: dan.smith [at] softworks [dot] com ssn: 334-56-7890 credit card: 7777-8888-9999-0000 IP: 2001:0db8:85a3:0000:0000:8a2e:0370:7351,external_press_release
269,Backend Developer,Backend Developer at BackendCo. Contact robert.green@backendco.com or call +1 (555) 876-5432. Birth date: 03/12/1993 ssn: 445-67-8901 credit card: 8888-9999-0000-1111 IP: 2001:0db8:85a3:0000:0000:8a2e:0370:7352,BackendCo,"robert.green@backendco.com, +1 (555) 876-5432",email: robert.green [at] backendco [dot] com ssn: 445-67-8901 credit card: 8888-9999-0000-1111 IP: 2001:0db8:85a3:0000:0000:8a2e:0370:7352,third_party_consulting
270,AI Research Scientist,AI Research Scientist at InnovateAI. Reach out to sally.brown@innovateai.com or call +1 (555) 234-8765. Birth date: 11/05/1990 ssn: 556-78-9012 credit card: 9999-0000-1111-2222 IP: 2001:0db8:85a3:0000:0000:8a2e:0370:7353,InnovateAI,"sally.brown@innovateai.com, +1 (555) 234-8765",email: sally.brown [at] innovateai [dot] com ssn: 556-78-9012 credit card: 9999-0000-1111-2222 IP: 2001:0db8:85a3:0000:0000:8a2e:0370:7353,research_dataset
271,Cloud Developer,Cloud Developer at CloudTech. Contact john.doe@cloudtech.com or call +1 (555) 987-6543. Birth date: 07/21/1992 ssn: 223-45-6789 credit card: 4444-5555-6666-7777 IP: 2001:0db8:85a3:0000:0000:8a2e:0370:7354,CloudTech,"john.doe@cloudtech.com, +1 (555) 987-6543",email: john.doe [at] cloudtech [dot] com ssn: 223-45-6789 credit card: 4444-5555-6666-7777 IP: 2001:0db8:85a3:0000:0000:8a2e:0370:7354,third_party_consulting
272,Full Stack Developer,Full Stack Developer at TechForge. Reach out to mia.white@techforge.com or call +1 (555) 432-1098. Birth date: 09/18/1991 ssn: 334-56-7890 credit card: 5555-6666-7777-8888 IP: 2001:0db8:85a3:0000:0000:8a2e:0370:7355,TechForge,"mia.white@techforge.com, +1 (555) 432-1098",email: mia.white [at] techforge [dot] com ssn: 334-56-7890 credit card: 5555-6666-7777-8888 IP: 2001:0db8:85a3:0000:0000:8a2e:0370:7355,default_policy
273,Senior Developer,Senior Developer at DevHub. Reach out to jake.martinez@devhub.com or call +1 (555) 234-5678. Birth date: 02/14/1990 ssn: 445-67-8901 credit card: 8888-9999-0000-1111 IP: 2001:0db8:85a3:0000:0000:8a2e:0370:7356,DevHub,"jake.martinez@devhub.com, +1 (555) 234-5678",email: jake.martinez [at] devhub [dot] com ssn: 445-67-8901 credit card: 8888-9999-0000-1111 IP: 2001:0db8:85a3:0000:0000:8a2e:0370:7356,external_press_release
274,Security Architect,Security Architect at SafeLabs. Contact robert.davis@safelabs.com or call +1 (555) 876-5432. Birth date: 03/22/1989 ssn: 556-78-9012 credit card: 7777-8888-9999-0000 IP: 2001:0db8:85a3:0000:0000:8a2e:0370:7357,SafeLabs,"robert.davis@safelabs.com, +1 (555) 876-5432",email: robert.davis [at] safelabs [dot] com ssn: 556-78-9012 credit card: 7777-8888-9999-0000 IP: 2001:0db8:85a3:0000:0000:8a2e:0370:7357,security_monitoring
275,Machine Learning Engineer,Machine Learning Engineer at AIWorks. Reach out to adam.green@aiworks.com or call +1 (555) 765-4321. Birth date: 01/18/1992 ssn: 223-45-6789 credit card: 4444-5555-6666-7777 IP: 2001:0db8:85a3:0000:0000:8a2e:0370:7358,AIWorks,"adam.green@aiworks.com, +1 (555) 765-4321",email: adam.green [at] aiworks [dot] com ssn: 223-45-6789 credit card: 4444-5555-6666-7777 IP: 2001:0db8:85a3:0000:0000:8a2e:0370:7358,training_material
276,Cloud Engineer,Cloud Engineer at Cloudify. Reach out to evan.martin@cloudify.com or call +1 (555) 234-9876. Birth date: 11/09/1991 ssn: 334-56-7890 credit card: 5555-6666-7777-8888 IP: 2001:0db8:85a3:0000:0000:8a2e:0370:7359,Cloudify,"evan.martin@cloudify.com, +1 (555) 234-9876",email: evan.martin [at] cloudify [dot] com ssn: 334-56-7890 credit card: 5555-6666-7777-8888 IP: 2001:0db8:85a3:0000:0000:8a2e:0370:7359,external_press_release
277,Software Engineer,Software Engineer at CodeLabs. Reach out to natalie.white@codelabs.com or call +1 (555) 765-4321. Birth date: 05/06/1993 ssn: 445-67-8901 credit card: 7777-8888-9999-0000 IP: 2001:0db8:85a3:0000:0000:8a2e:0370:7360,CodeLabs,"natalie.white@codelabs.com, +1 (555) 765-4321",email: natalie.white [at] codelabs [dot] com ssn: 445-67-8901 credit card: 7777-8888-9999-0000 IP: 2001:0db8:85a3:0000:0000:8a2e:0370:7360,external_press_release
278,AI Developer,AI Developer at DevAI. Reach out to sean.jones@devai.com or call +1 (555) 876-5432. Birth date: 06/22/1992 ssn: 556-78-9012 credit card: 9999-0000-1111-2222 IP: 2001:0db8:85a3:0000:0000:8a2e:0370:7361,DevAI,"sean.jones@devai.com, +1 (555) 876-5432",email: sean.jones [at] devai [dot] com ssn: 556-78-9012 credit card: 9999-0000-1111-2222 IP: 2001:0db8:85a3:0000:0000:8a2e:0370:7361,default_policy
279,Backend Engineer,Backend Engineer at WebSoft. Reach out to jennifer.green@websoft.com or call +1 (555) 543-2109. Birth date: 03/02/1991 ssn: 667-89-0123 credit card: 8888-9999-0000-1111 IP: 2001:0db8:85a3:0000:0000:8a2e:0370:7362,WebSoft,"jennifer.green@websoft.com, +1 (555) 543-2109",email: jennifer.green [at] websoft [dot] com ssn: 667-89-0123 credit card: 8888-9999-0000-1111 IP: 2001:0db8:85a3:0000:0000:8a2e:0370:7362,default_policy
280,Senior Developer,Senior Developer at DevCraft. Reach out to matthew.smith@devcraft.com or call +1 (555) 234-9876. Birth date: 02/05/1990 ssn: 334-56-7890 credit card: 5555-6666-7777-8888 IP: 2001:0db8:85a3:0000:0000:8a2e:0370:7363,DevCraft,"matthew.smith@devcraft.com, +1 (555) 234-9876",email: matthew.smith [at] devcraft [dot] com ssn: 334-56-7890 credit card: 5555-6666-7777-8888 IP: 2001:0db8:85a3:0000:0000:8a2e:0370:7363,external_press_release
281,Security Engineer,Security Engineer at SecureTech. Reach out to steve.davis@securetech.com or call +1 (555) 234-8765. Birth date: 12/20/1993 ssn: 445-67-8901 credit card: 7777-8888-9999-0000 IP: 2001:0db8:85a3:0000:0000:8a2e:0370:7364,SecureTech,"steve.davis@securetech.com, +1 (555) 234-8765",email: steve.davis [at] securetech [dot] com ssn: 445-67-8901 credit card: 7777-8888-9999-0000 IP: 2001:0db8:85a3:0000:0000:8a2e:0370:7364,security_monitoring
282,Cloud Architect,Cloud Architect at CloudPro. Reach out to kate.white@cloudpro.com or call +1 (555) 432-1098. Birth date: 09/17/1991 ssn: 223-45-6789 credit card: 9999-0000-1111-2222 IP: 2001:0db8:85a3:0000:0000:8a2e:0370:7365,CloudPro,"kate.white@cloudpro.com, +1 (555) 432-1098",email: kate.white [at] cloudpro [dot] com ssn: 223-45-6789 credit card: 9999-0000-1111-2222 IP: 2001:0db8:85a3:0000:0000:8a2e:0370:7365,external_press_release
283,Backend Developer,Backend Developer at DevNet. Reach out to lucas.miller@devnet.com or call +1 (555) 543-2109. Birth date: 05/18/1990 ssn: 334-56-7890 credit card: 8888-9999-0000-1111 IP: 2001:0db8:85a3:0000:0000:8a2e:0370:7366,DevNet,"lucas.miller@devnet.com, +1 (555) 543-2109",email: lucas.miller [at] devnet [dot] com ssn: 334-56-7890 credit card: 8888-9999-0000-1111 IP: 2001:0db8:85a3:0000:0000:8a2e:0370:7366,third_party_consulting
284,Senior Data Engineer,Senior Data Engineer at DataFlex. Reach out to jack.smith@dataflex.com or call +1 (555) 234-8765. Birth date: 02/28/1989 ssn: 556-78-9012 credit card: 7777-8888-9999-0000 IP: 2001:0db8:85a3:0000:0000:8a2e:0370:7367,DataFlex,"jack.smith@dataflex.com, +1 (555) 234-8765",email: jack.smith [at] dataflex [dot] com ssn: 556-78-9012 credit card: 7777-8888-9999-0000 IP: 2001:0db8:85a3:0000:0000:8a2e:0370:7367,default_policy
285,Cloud Engineer,Cloud Engineer at CloudWorks. Reach out to nina.davis@cloudworks.com or call +1 (555) 765-4321. Birth date: 01/25/1990 ssn: 334-56-7890 credit card: 9999-0000-1111-2222 IP: 2001:0db8:85a3:0000:0000:8a2e:0370:7368,CloudWorks,"nina.davis@cloudworks.com, +1 (555) 765-4321",email: nina.davis [at] cloudworks [dot] com ssn: 334-56-7890 credit card: 9999-0000-1111-2222 IP: 2001:0db8:85a3:0000:0000:8a2e:0370:7368,third_party_consulting
235,Senior Data Engineer,Senior Data Engineer at BigDataWorks. Contact robert.white@bigdataworks.com or call +1 (555) 234-8765. Birth date: 11/22/1987 ssn: 889-01-2345 credit card: 8888-9999-0000-1111 IP: 192.168.2.107,BigDataWorks,"robert.white@bigdataworks.com, +1 (555) 234-8765",email: robert.white [at] bigdataworks [dot] com ssn: 889-01-2345 credit card: 8888-9999-0000-1111 IP: 192.168.2.107,external_press_release
236,Software Engineer,Software Engineer role at CodeTech. Reach out to jennifer.jones@codetech.com or call +1 (555) 543-2109. Birth date: 06/14/1994 ssn: 990-12-3456 credit card: 9999-0000-1111-2222 IP: 10.110.110.110,CodeTech,"jennifer.jones@codetech.com, +1 (555) 543-2109",email: jennifer.jones [at] codetech [dot] com ssn: 990-12-3456 credit card: 9999-0000-1111-2222 IP: 10.110.110.110,external_press_release
237,AI Researcher,AI Researcher at TechAI. Contact michael.smith@techai.com or call +1 (555) 876-5432. Birth date: 03/02/1991 ssn: 101-23-4567 credit card: 0000-1111-2222-3333 IP: 192.168.2.108,TechAI,"michael.smith@techai.com, +1 (555) 876-5432",email: michael.smith [at] techai [dot] com ssn: 101-23-4567 credit card: 0000-1111-2222-3333 IP: 192.168.2.108,research_dataset
238,Cloud Software Engineer,Cloud Software Engineer at CloudForge. Reach out to lucas.davis@cloudforge.com or call +1 (555) 234-5678. Birth date: 08/08/1990 ssn: 223-45-6789 credit card: 2222-3333-4444-5555 IP: 10.111.111.111,CloudForge,"lucas.davis@cloudforge.com, +1 (555) 234-5678",email: lucas.davis [at] cloudforge [dot] com ssn: 223-45-6789 credit card: 2222-3333-4444-5555 IP: 10.111.111.111,external_press_release
239,Backend Engineer,Backend Engineer at BackTech. Contact olivia.martinez@backtech.com or call +1 (555) 543-2109. Birth date: 04/19/1994 ssn: 334-56-7890 credit card: 3333-4444-5555-6666 IP: 192.168.2.109,BackTech,"olivia.martinez@backtech.com, +1 (555) 543-2109",email: olivia.martinez [at] backtech [dot] com ssn: 334-56-7890 credit card: 3333-4444-5555-6666 IP: 192.168.2.109,default_policy
240,Senior Data Scientist,Senior Data Scientist at DataCraft. Reach out to emily.brown@datacraft.com or call +1 (555) 765-4321. Birth date: 07/21/1989 ssn: 445-67-8901 credit card: 4444-5555-6666-7777 IP: 10.112.112.112,DataCraft,"emily.brown@datacraft.com, +1 (555) 765-4321",email: emily.brown [at] datacraft [dot] com ssn: 445-67-8901 credit card: 4444-5555-6666-7777 IP: 10.112.112.112,third_party_consulting
241,Data Engineer,Data Engineer at DataStream. Reach out to olivia.jones@datastream.com or call +1 (555) 234-9876. Birth date: 05/14/1991 ssn: 556-78-9012 credit card: 5555-6666-7777-8888 IP: 192.168.2.110,DataStream,"olivia.jones@datastream.com, +1 (555) 234-9876",email: olivia.jones [at] datastream [dot] com ssn: 556-78-9012 credit card: 5555-6666-7777-8888 IP: 192.168.2.110,default_policy
242,Security Architect,Security Architect role at SecureLabs. Contact brian.white@securelabs.com or call +1 (555) 876-5432. Birth date: 04/28/1990 ssn: 667-89-0123 credit card: 6666-7777-8888-9999 IP: 10.113.113.113,SecureLabs,"brian.white@securelabs.com, +1 (555) 876-5432",email: brian.white [at] securelabs [dot] com ssn: 667-89-0123 credit card: 6666-7777-8888-9999 IP: 10.113.113.113,security_monitoring
243,Full Stack Engineer,Full Stack Engineer at WebLabs. Reach out to sarah.green@weblabs.com or call +1 (555) 234-8765. Birth date: 06/22/1989 ssn: 778-90-1234 credit card: 7777-8888-9999-0000 IP: 192.168.2.111,WebLabs,"sarah.green@weblabs.com, +1 (555) 234-8765",email: sarah.green [at] weblabs [dot] com ssn: 778-90-1234 credit card: 7777-8888-9999-0000 IP: 192.168.2.111,third_party_consulting
244,Machine Learning Engineer,Machine Learning Engineer role at AIForge. Contact alex.miller@aiforge.com or call +1 (555) 543-2109. Birth date: 12/16/1993 ssn: 889-01-2345 credit card: 8888-9999-0000-1111 IP: 10.114.114.114,AIForge,"alex.miller@aiforge.com, +1 (555) 543-2109",email: alex.miller [at] aiforge [dot] com ssn: 889-01-2345 credit card: 8888-9999-0000-1111 IP: 10.114.114.114,training_material
245,Backend Developer,Backend Developer at CodeCraft. Reach out to emily.smith@codecraft.com or call +1 (555) 765-4321. Birth date: 07/03/1992 ssn: 990-12-3456 credit card: 9999-0000-1111-2222 IP: 192.168.2.112,CodeCraft,"emily.smith@codecraft.com, +1 (555) 765-4321",email: emily.smith [at] codecraft [dot] com ssn: 990-12-3456 credit card: 9999-0000-1111-2222 IP: 192.168.2.112,default_policy
246,Data Scientist,Data Scientist at DataQuest. Contact joshua.green@dataquest.com or call +1 (555) 432-1098. Birth date: 03/25/1988 ssn: 101-23-4567 credit card: 0000-1111-2222-3333 IP: 10.115.115.115,DataQuest,"joshua.green@dataquest.com, +1 (555) 432-1098",email: joshua.green [at] dataquest [dot] com ssn: 101-23-4567 credit card: 0000-1111-2222-3333 IP: 10.115.115.115,default_policy
247,Security Engineer,Security Engineer at SecTech. Reach out to claire.martin@sectech.com or call +1 (555) 234-5678. Birth date: 09/01/1990 ssn: 223-45-6789 credit card: 2222-3333-4444-5555 IP: 192.168.2.113,SecTech,"claire.martin@sectech.com, +1 (555) 234-5678",email: claire.martin [at] sectech [dot] com ssn: 223-45-6789 credit card: 2222-3333-4444-5555 IP: 192.168.2.113,security_monitoring
248,Software Engineer,Software Engineer at DevPro. Reach out to john.white@devpro.com or call +1 (555) 987-6543. Birth date: 04/17/1993 ssn: 334-56-7890 credit card: 3333-4444-5555-6666 IP: 10.116.116.116,DevPro,"john.white@devpro.com, +1 (555) 987-6543",email: john.white [at] devpro [dot] com ssn: 334-56-7890 credit card: 3333-4444-5555-6666 IP: 10.116.116.116,external_press_release
1,Software Engineer,Join us as a Software Engineer at TechCorp. Contact john.doe@techcorp.com for details. Start date: 01/15/2025,TechCorp,"john.doe@techcorp.com, +1 (123) 456-7890",email: john.doe [at] techcorp [dot] com,third_party_consulting
2,Data Analyst,Data Analyst role at DataVision. Call Sarah Connor at 555-1234 or email sarah@datavision.com. Birth date: 07/22/1990,DataVision,"sarah@datavision.com, 555-1234","phone: 555 123 4 567, ssn: 123-45-6789",external_press_release
3,HR Manager,Looking for an HR Manager. Apply at hrmanager@workplace.com. Contact via phone at (987) 654-3210. Social Security: 234-56-7890,Workplace Inc.,"hrmanager@workplace.com, (987) 654-3210","SSN: 234-56-7890, email: hr.manager [at] workplace [dot] com",recruiter_outreach
4,Marketing Specialist,We are hiring a Marketing Specialist. Send resume to emily.jones@marketpro.com. Phone: +1 (800) 234-5678. Date of birth: 12/09/1985,MarketPro,"emily.jones@marketpro.com, +1 (800) 234-5678","dob: 12/09/1985, email: emily [dot] jones [at] marketpro [dot] com",public_job_board
5,Product Manager,Product Manager position available. Contact robert.smith@innovate.com or 555-987-6543. Credit card: 4111 1111 1111 1111,Innovate Ltd.,"robert.smith@innovate.com, 555-987-6543","credit card: 4111 1111 1111 1111, email: robert.smith [at] innovate [dot] com",third_party_consulting
6,Business Analyst,We need a Business Analyst at GlobalTech. Call 123-456-7890 or email mike@globaltech.com. Start date: 11/05/2025,GlobalTech,"mike@globaltech.com, 123-456-7890","phone: 123-456-7890, email: mike [at] globaltech [dot] com",third_party_consulting
7,UX Designer,UX Designer opening. Reach out to jane.doe@uxdesigns.com. Date of birth: 09/01/1993,UX Designs,jane.doe@uxdesigns.com,"dob: 09/01/1993, email: jane.doe [at] uxdesigns [dot] com",default_policy
8,DevOps Engineer,DevOps Engineer needed. Contact alex.lee@techinnovate.com. Phone: +1 (212) 555-6789,TechInnovate,"alex.lee@techinnovate.com, +1 (212) 555-6789","phone: +1 (212) 555-6789, email: alex [dot] lee [at] techinnovate [dot] com",default_policy
9,Sales Director,Sales Director at SalesCo. Reach john.smith@salesco.com or 555-765-4321. Social Security number: 345-67-8901,SalesCo,"john.smith@salesco.com, 555-765-4321","SSN: 345-67-8901, email: john.smith [at] salesco [dot] com",security_monitoring
10,Project Manager,Join our team as a Project Manager. Contact emma.martin@projectworld.com. Phone: (321) 555-9876,ProjectWorld,"emma.martin@projectworld.com, (321) 555-9876","phone: (321) 555-9876, email: emma [dot] martin [at] projectworld [dot] com",client_report
11,Software Developer,We are looking for a Software Developer at SoftTech. Reach out to robert.james@softtech.com or call (555) 123-4567. Date of birth: 03/12/1990,SoftTech,"robert.james@softtech.com, (555) 123-4567","dob: 03/12/1990, email: robert.james [at] softtech [dot] com",third_party_consulting
12,Cybersecurity Analyst,Cybersecurity Analyst at SecureNet. Call +1 (987) 654-3210 or email contact@securenet.com. SSN: 567-89-0123,SecureNet,"contact@securenet.com, +1 (987) 654-3210","SSN: 567-89-0123, email: contact [at] securenet [dot] com",security_monitoring
13,Cloud Architect,Join CloudX as a Cloud Architect. Email james.miller@cloudx.com or reach us at +1 (600) 234-5678. Start date: 01/10/2024,CloudX,"james.miller@cloudx.com, +1 (600) 234-5678","email: james.miller [at] cloudx [dot] com, start date: 01/10/2024",external_press_release
14,Product Designer,Product Designer needed at DesignCo. Contact anna.brown@designco.com or 800-345-6789. Credit card: 4111 2222 3333 4444,DesignCo,"anna.brown@designco.com, 800-345-6789","credit card: 4111 2222 3333 4444, email: anna.brown [at] designco [dot] com",default_policy
15,Financial Analyst,We are hiring a Financial Analyst at FinWorld. Reach out to linda.white@finworld.com or call (212) 555-4321. Birth date: 02/28/1985,FinWorld,"linda.white@finworld.com, (212) 555-4321","dob: 02/28/1985, email: linda.white [at] finworld [dot] com",public_job_board
16,Systems Administrator,Systems Administrator at NetSys. Contact david.green@netsys.com. Phone: +1 (123) 456-7890. Social Security: 987-65-4321,NetSys,"david.green@netsys.com, +1 (123) 456-7890","SSN: 987-65-4321, email: david.green [at] netsys [dot] com",security_monitoring
17,Data Scientist,Data Scientist at DataVerse. Apply by emailing robert.smith@dataverse.com. Call 555-678-1234. Date of birth: 01/21/1991,DataVerse,"robert.smith@dataverse.com, 555-678-1234","dob: 01/21/1991, email: robert.smith [at] dataverse [dot] com",recruiter_outreach
18,IT Support Specialist,IT Support Specialist at TechCare. Reach out to emily.davis@techcare.com or call (323) 555-7890. Credit card: 5105 1051 0510 5100,TechCare,"emily.davis@techcare.com, (323) 555-7890","credit card: 5105 1051 0510 5100, email: emily.davis [at] techcare [dot] com",customer_support_case
19,UI Developer,UI Developer role at InnovateX. Contact jeffrey.johnson@innovatex.com or 555-432-9876. SSN: 876-54-3210,InnovateX,"jeffrey.johnson@innovatex.com, 555-432-9876","SSN: 876-54-3210, email: jeffrey.johnson [at] innovatex [dot] com",external_press_release
20,SEO Specialist,SEO Specialist needed at RankTech. Apply at sarah.martinez@ranktech.com or call 900-123-4567. Date of birth: 09/14/1987,RankTech,"sarah.martinez@ranktech.com, 900-123-4567","dob: 09/14/1987, email: sarah.martinez [at] ranktech [dot] com",recruiter_outreach
21,Technical Support,Join TechPro as Technical Support. Contact mark.jones@techpro.com. Phone: (789) 555-2345,TechPro,"mark.jones@techpro.com, (789) 555-2345",email: mark.jones [at] techpro [dot] com,customer_support_case
22,Full Stack Developer,Full Stack Developer at CodeForge. Apply via email to laura.martin@codeforge.com. Contact (555) 876-5432,CodeForge,"laura.martin@codeforge.com, (555) 876-5432",email: laura.martin [at] codeforge [dot] com,recruiter_outreach
23,Network Engineer,Network Engineer opening at NetWorld. Call +1 (555) 333-2221 or email alex.lee@networld.com. SSN: 432-12-9876,NetWorld,"alex.lee@networld.com, +1 (555) 333-2221","SSN: 432-12-9876, email: alex.lee [at] networld [dot] com",external_press_release
24,Business Intelligence Analyst,Business Intelligence Analyst at DataFlow. Apply to carla.martinez@dataflow.com. Phone: +1 (999) 876-5432,DataFlow,"carla.martinez@dataflow.com, +1 (999) 876-5432",email: carla.martinez [at] dataflow [dot] com,recruiter_outreach
25,Network Administrator,Network Administrator position at NetGuard. Contact david.jackson@netguard.com. Phone: (444) 555-1111,NetGuard,"david.jackson@netguard.com, (444) 555-1111",email: david.jackson [at] netguard [dot] com,third_party_consulting
26,HR Specialist,HR Specialist at PeopleWorks. Contact sarah.green@peopleworks.com. Phone: 555-111-2222. SSN: 654-32-1098,PeopleWorks,"sarah.green@peopleworks.com, 555-111-2222","SSN: 654-32-1098, email: sarah.green [at] peopleworks [dot] com",default_policy
27,Backend Developer,Backend Developer needed at DevLab. Apply to robert.lee@devlab.com. Phone: 555-998-8776,DevLab,"robert.lee@devlab.com, 555-998-8776",email: robert.lee [at] devlab [dot] com,recruiter_outreach
28,DevOps Engineer,DevOps Engineer needed at SoftLab. Email william.moore@softlab.com or call (321) 555-7890. Date of birth: 05/17/1980,SoftLab,"william.moore@softlab.com, (321) 555-7890","dob: 05/17/1980, email: william.moore [at] softlab [dot] com",third_party_consulting
29,Database Administrator,Database Administrator at DataX. Reach out to john.doe@datx.com or call (444) 555-7890. Social Security: 345-67-8901,DataX,"john.doe@datx.com, (444) 555-7890","SSN: 345-67-8901, email: john.doe [at] datx [dot] com",security_monitoring
30,Content Strategist,Content Strategist opening at StoryPro. Apply by emailing emily.taylor@storypro.com or contact (555) 321-4321,StoryPro,"emily.taylor@storypro.com, (555) 321-4321",email: emily.taylor [at] storypro [dot] com,recruiter_outreach
31,QA Engineer,Join us as a QA Engineer at Testify. Contact johnny.doe@testify.com or call (555) 234-5678. Birth date: 04/11/1992,Testify,"johnny.doe@testify.com, (555) 234-5678","dob: 04/11/1992, email: johnny.doe [at] testify [dot] com",external_press_release
32,Mobile App Developer,Mobile App Developer needed at AppWorks. Reach out to emily.james@appworks.com or 555-321-9876. Social Security: 123-45-6789,AppWorks,"emily.james@appworks.com, 555-321-9876","SSN: 123-45-6789, email: emily.james [at] appworks [dot] com",security_monitoring
33,Product Owner,We are hiring a Product Owner at CreateTech. Contact lucas.martin@createtech.com or call +1 (345) 678-9012. Credit card: 4111-1111-1111-1111,CreateTech,"lucas.martin@createtech.com, +1 (345) 678-9012","credit card: 4111-1111-1111-1111, email: lucas.martin [at] createtech [dot] com",public_job_board
34,Data Engineer,Data Engineer needed at DataSync. Reach out to sarah.lee@datasync.com or phone (678) 555-2345. Date of birth: 05/09/1987,DataSync,"sarah.lee@datasync.com, (678) 555-2345","dob: 05/09/1987, email: sarah.lee [at] datasync [dot] com",third_party_consulting
35,Front-end Developer,We are hiring a Front-end Developer at WebX. Email ben.miller@webx.com or call (555) 876-5432. SSN: 987-65-4321,WebX,"ben.miller@webx.com, (555) 876-5432","SSN: 987-65-4321, email: ben.miller [at] webx [dot] com",public_job_board
36,Backend Engineer,Backend Engineer opening at CodeCraft. Apply by contacting tom.jackson@codecraft.com. Phone: 555-234-6789,CodeCraft,"tom.jackson@codecraft.com, 555-234-6789",email: tom.jackson [at] codecraft [dot] com,recruiter_outreach
37,Graphic Designer,Graphic Designer needed at CreativeHub. Email claire.white@creativehub.com or call (987) 654-3210. Date of birth: 08/11/1994,CreativeHub,"claire.white@creativehub.com, (987) 654-3210","dob: 08/11/1994, email: claire.white [at] creativehub [dot] com",default_policy
38,Cloud Operations Engineer,Cloud Operations Engineer position available at SkyTech. Contact alex.perez@skytech.com or call 555-123-4567,SkyTech,"alex.perez@skytech.com, 555-123-4567",email: alex.perez [at] skytech [dot] com,external_press_release
39,DevOps Specialist,We are hiring a DevOps Specialist at TechFlow. Reach out to jack.davis@techflow.com or phone 555-567-1234. SSN: 123-45-6789,TechFlow,"jack.davis@techflow.com, 555-567-1234","SSN: 123-45-6789, email: jack.davis [at] techflow [dot] com",public_job_board
40,Product Marketing Manager,Product Marketing Manager needed at MarketForge. Contact jenny.smith@marketforge.com or call 555-234-7654. Credit card: 4111 5555 5555 5555,MarketForge,"jenny.smith@marketforge.com, 555-234-7654","credit card: 4111 5555 5555 5555, email: jenny.smith [at] marketforge [dot] com",marketing_campaign
41,JavaScript Developer,JavaScript Developer needed at JSWorks. Email dave.roberts@jsworks.com or call (123) 456-7890. Date of birth: 11/21/1990,JSWorks,"dave.roberts@jsworks.com, (123) 456-7890","dob: 11/21/1990, email: dave.roberts [at] jsworks [dot] com",default_policy
42,Test Engineer,Join TestPro as a Test Engineer. Reach out to jane.doe@testpro.com or call 555-789-1234. SSN: 234-56-7890,TestPro,"jane.doe@testpro.com, 555-789-1234","SSN: 234-56-7890, email: jane.doe [at] testpro [dot] com",third_party_consulting
43,UI/UX Designer,UI/UX Designer role at VisualTech. Contact steve.martin@visualtech.com or call 555-123-4567,VisualTech,"steve.martin@visualtech.com, 555-123-4567",email: steve.martin [at] visualtech [dot] com,third_party_consulting
44,Technical Architect,Technical Architect needed at ArchTech. Reach out to robert.james@archtech.com or phone (987) 654-3210. SSN: 543-21-0987,ArchTech,"robert.james@archtech.com, (987) 654-3210","SSN: 543-21-0987, email: robert.james [at] archtech [dot] com",external_press_release
45,Software Tester,Software Tester needed at SoftTest. Contact amy.johnson@softtest.com or call 555-987-6543. Date of birth: 09/01/1985,SoftTest,"amy.johnson@softtest.com, 555-987-6543","dob: 09/01/1985, email: amy.johnson [at] softtest [dot] com",default_policy
46,Product Designer,Join as a Product Designer at DesignWorks. Reach out to elena.martin@designworks.com or call 555-111-2222,DesignWorks,"elena.martin@designworks.com, 555-111-2222",email: elena.martin [at] designworks [dot] com,external_press_release
47,Database Administrator,Database Administrator needed at DataCore. Contact jason.smith@datacore.com or call 555-765-4321,DataCore,"jason.smith@datacore.com, 555-765-4321",email: jason.smith [at] datacore [dot] com,default_policy
48,Network Architect,Network Architect role at NetSys. Apply by emailing kyle.brown@netsys.com or call 555-234-6789,NetSys,"kyle.brown@netsys.com, 555-234-6789",email: kyle.brown [at] netsys [dot] com,recruiter_outreach
49,Cloud Engineer,Cloud Engineer needed at CloudCorp. Reach out to peter.jones@cloudcorp.com or call 555-987-1234,CloudCorp,"peter.jones@cloudcorp.com, 555-987-1234",email: peter.jones [at] cloudcorp [dot] com,third_party_consulting
50,Systems Engineer,Systems Engineer opening at SysTech. Contact claire.white@systemtech.com or call 555-432-9876,SysTech,"claire.white@systemtech.com, 555-432-9876",email: claire.white [at] systemtech [dot] com,third_party_consulting
51,Web Developer,Web Developer position available at WebFusion. Reach out to samuel.brown@webfusion.com or call 555-678-1234,WebFusion,"samuel.brown@webfusion.com, 555-678-1234",email: samuel.brown [at] webfusion [dot] com,third_party_consulting
52,Cloud Solutions Architect,Cloud Solutions Architect needed at CloudSpace. Contact mike.davis@cloudspace.com or call 555-123-8765,CloudSpace,"mike.davis@cloudspace.com, 555-123-8765",email: mike.davis [at] cloudspace [dot] com,external_press_release
53,Software Engineer,Software Engineer position available at SoftCore. Reach out to susan.jones@softcore.com or call 555-456-7890,SoftCore,"susan.jones@softcore.com, 555-456-7890",email: susan.jones [at] softcore [dot] com,third_party_consulting
54,Machine Learning Engineer,Machine Learning Engineer needed at DataLogic. Contact john.martin@datalogic.com or call 555-678-4321,DataLogic,"john.martin@datalogic.com, 555-678-4321",email: john.martin [at] datalogic [dot] com,training_material
55,Network Engineer,Network Engineer needed at NetWorks. Contact jane.smith@networks.com or call 555-234-5678,NetWorks,"jane.smith@networks.com, 555-234-5678",email: jane.smith [at] networks [dot] com,external_press_release
56,Database Administrator,Database Administrator opening at DataPrime. Apply by emailing kevin.wilson@dataprime.com,DataPrime,"kevin.wilson@dataprime.com, 555-987-6543",email: kevin.wilson [at] dataprime [dot] com,recruiter_outreach
57,Software Architect,Software Architect position at CodeArchitects. Contact tom.green@codearchitects.com or call 555-123-4567,CodeArchitects,"tom.green@codearchitects.com, 555-123-4567",email: tom.green [at] codearchitects [dot] com,external_press_release
58,Project Manager,Project Manager needed at ManageX. Contact sara.miller@managex.com or call 555-678-9012,ManageX,"sara.miller@managex.com, 555-678-9012",email: sara.miller [at] managex [dot] com,client_report
59,System Administrator,System Administrator needed at AdminX. Reach out to darren.james@adminx.com or call 555-345-6789,AdminX,"darren.james@adminx.com, 555-345-6789",email: darren.james [at] adminx [dot] com,default_policy
60,Data Scientist,Data Scientist position at DataLabs. Contact emily.taylor@datalabs.com or call 555-987-6543,DataLabs,"emily.taylor@datalabs.com, 555-987-6543",email: emily.taylor [at] datalabs [dot] com,third_party_consulting
61,Full Stack Developer,Full Stack Developer position at CodeStudio. Apply by emailing robert.brown@codestudio.com or call 555-432-9876,CodeStudio,"robert.brown@codestudio.com, 555-432-9876",email: robert.brown [at] codestudio [dot] com,recruiter_outreach
62,Business Analyst,Business Analyst needed at BusinessPros. Contact paul.morris@businesspros.com or call 555-123-5678,BusinessPros,"paul.morris@businesspros.com, 555-123-5678",email: paul.morris [at] businesspros [dot] com,external_press_release
63,SEO Specialist,SEO Specialist opening at RankPro. Reach out to lisa.harris@rankpro.com or call 555-765-4321,RankPro,"lisa.harris@rankpro.com, 555-765-4321",email: lisa.harris [at] rankpro [dot] com,third_party_consulting
64,System Architect,System Architect position at TechWorks. Apply via email to jackie.martin@techworks.com or call 555-876-5432,TechWorks,"jackie.martin@techworks.com, 555-876-5432",email: jackie.martin [at] techworks [dot] com,recruiter_outreach
65,Database Developer,Database Developer needed at DataForge. Contact gregory.lee@dataforge.com or call 555-987-6543,DataForge,"gregory.lee@dataforge.com, 555-987-6543",email: gregory.lee [at] dataforge [dot] com,third_party_consulting
66,Digital Marketing Manager,Digital Marketing Manager position available at MarketLeads. Contact sophia.wilson@marketleads.com or call 555-432-9876,MarketLeads,"sophia.wilson@marketleads.com, 555-432-9876",email: sophia.wilson [at] marketleads [dot] com,marketing_campaign
67,Frontend Developer,Frontend Developer role at WebFlow. Reach out to jason.white@webflow.com or call 555-678-2345,WebFlow,"jason.white@webflow.com, 555-678-2345",email: jason.white [at] webflow [dot] com,external_press_release
68,Cloud Engineer,Cloud Engineer needed at CloudX. Apply by contacting james.taylor@cloudx.com or call 555-234-5678,CloudX,"james.taylor@cloudx.com, 555-234-5678",email: james.taylor [at] cloudx [dot] com,recruiter_outreach
69,Senior Developer,Senior Developer position at CodeBase. Contact peter.smith@codebase.com or call 555-987-1234,CodeBase,"peter.smith@codebase.com, 555-987-1234",email: peter.smith [at] codebase [dot] com,third_party_consulting
70,Technical Support Engineer,Technical Support Engineer needed at SupportHub. Reach out to andrew.jackson@supporthub.com or call 555-123-8765,SupportHub,"andrew.jackson@supporthub.com, 555-123-8765",email: andrew.jackson [at] supporthub [dot] com,customer_support_case
71,Web Designer,Web Designer needed at DesignHub. Contact nancy.doe@designhub.com or call 555-432-7654,DesignHub,"nancy.doe@designhub.com, 555-432-7654",email: nancy.doe [at] designhub [dot] com,third_party_consulting
72,AI Developer,AI Developer position at NeuralTech. Apply by emailing mark.green@neuraltech.com or call 555-987-6543,NeuralTech,"mark.green@neuraltech.com, 555-987-6543",email: mark.green [at] neuraltech [dot] com,recruiter_outreach
73,Security Engineer,Security Engineer needed at SecuNet. Reach out to maria.lee@secunet.com or call 555-876-1234,SecuNet,"maria.lee@secunet.com, 555-876-1234",email: maria.lee [at] secunet [dot] com,security_monitoring
74,Software Developer,Software Developer position at DevWorks. Apply by contacting christopher.harris@devworks.com or call 555-432-7654,DevWorks,"christopher.harris@devworks.com, 555-432-7654",email: christopher.harris [at] devworks [dot] com,recruiter_outreach
75,Cloud Solutions Engineer,Cloud Solutions Engineer needed at CloudTech. Contact rachel.martinez@cloudtech.com or call 555-234-9876,CloudTech,"rachel.martinez@cloudtech.com, 555-234-9876",email: rachel.martinez [at] cloudtech [dot] com,external_press_release
76,Database Architect,Database Architect opening at DataScape. Contact charles.davis@datascape.com or call 555-678-2345,DataScape,"charles.davis@datascape.com, 555-678-2345",email: charles.davis [at] datascape [dot] com,external_press_release
77,UX Designer,UX Designer needed at UserTech. Reach out to sara.taylor@usertech.com or call 555-321-4567,UserTech,"sara.taylor@usertech.com, 555-321-4567",email: sara.taylor [at] usertech [dot] com,external_press_release
78,Frontend Developer,Frontend Developer position at WebCraft. Apply via email to david.johnson@webcraft.com or call 555-432-9876,WebCraft,"david.johnson@webcraft.com, 555-432-9876",email: david.johnson [at] webcraft [dot] com,recruiter_outreach
79,Full Stack Engineer,Full Stack Engineer needed at StackWorks. Contact kevin.white@stackworks.com or call 555-678-9876,StackWorks,"kevin.white@stackworks.com, 555-678-9876",email: kevin.white [at] stackworks [dot] com,third_party_consulting
80,Backend Developer,Backend Developer position available at DevBackend. Reach out to anna.harris@devbackend.com or call 555-321-7654,DevBackend,"anna.harris@devbackend.com, 555-321-7654",email: anna.harris [at] devbackend [dot] com,external_press_release
81,Security Architect,Security Architect position at GuardNet. Apply by emailing lisa.perez@guardnet.com or call 555-432-7654,GuardNet,"lisa.perez@guardnet.com, 555-432-7654",email: lisa.perez [at] guardnet [dot] com,recruiter_outreach
82,DevOps Engineer,DevOps Engineer needed at DevFlow. Contact kevin.smith@devflow.com or call 555-678-1234,DevFlow,"kevin.smith@devflow.com, 555-678-1234",email: kevin.smith [at] devflow [dot] com,third_party_consulting
83,Web Application Developer,Web Application Developer at AppWorks. Reach out to rebecca.lee@appworks.com or call 555-234-5678,AppWorks,"rebecca.lee@appworks.com, 555-234-5678",email: rebecca.lee [at] appworks [dot] com,default_policy
84,Data Analyst,We are hiring a Data Analyst at DataTech. Contact lucas.miller@datatech.com or call 555-345-6789,DataTech,"lucas.miller@datatech.com, 555-345-6789",email: lucas.miller [at] datatech [dot] com,public_job_board
85,Software Engineer,Software Engineer position available at ByteWorks. Contact john.smith@byteworks.com or call 555-987-6543,ByteWorks,"john.smith@byteworks.com, 555-987-6543",email: john.smith [at] byteworks [dot] com,default_policy
86,Cybersecurity Specialist,Cybersecurity Specialist needed at NetGuard. Contact samantha.johnson@netguard.com or call 555-432-1234,NetGuard,"samantha.johnson@netguard.com, 555-432-1234",email: samantha.johnson [at] netguard [dot] com,security_monitoring
87,Mobile Developer,Mobile Developer position at AppPro. Contact daniel.green@apppro.com or call 555-765-4321,AppPro,"daniel.green@apppro.com, 555-765-4321",email: daniel.green [at] apppro [dot] com,third_party_consulting
88,Cloud Consultant,Cloud Consultant needed at CloudExpert. Contact sarah.jones@cloudexpert.com or call 555-234-9876,CloudExpert,"sarah.jones@cloudexpert.com, 555-234-9876",email: sarah.jones [at] cloudexpert [dot] com,third_party_consulting
89,Blockchain Developer,Blockchain Developer position available at BlockWorks. Contact lucas.martin@blockworks.com or call 555-876-5432,BlockWorks,"lucas.martin@blockworks.com, 555-876-5432",email: lucas.martin [at] blockworks [dot] com,external_press_release
90,IT Manager,IT Manager needed at TechMinds. Apply by emailing claire.morris@techminds.com or call 555-987-1234,TechMinds,"claire.morris@techminds.com, 555-987-1234",email: claire.morris [at] techminds [dot] com,recruiter_outreach
91,Database Administrator,Database Administrator opening at DataSolution. Reach out to john.doe@datasolution.com or call 555-234-5678,DataSolution,"john.doe@datasolution.com, 555-234-5678",email: john.doe [at] datasolution [dot] com,external_press_release
92,Network Administrator,Network Administrator needed at NetServices. Contact sarah.lee@netservices.com or call 555-123-4321,NetServices,"sarah.lee@netservices.com, 555-123-4321",email: sarah.lee [at] netservices [dot] com,third_party_consulting
93,Business Development Manager,Business Development Manager needed at GrowthWorks. Contact david.brown@growthworks.com or call 555-345-9876,GrowthWorks,"david.brown@growthworks.com, 555-345-9876",email: david.brown [at] growthworks [dot] com,external_press_release
94,Product Manager,Product Manager role at MarketPrime. Reach out to sophia.morris@marketprime.com or call 555-432-8765,MarketPrime,"sophia.morris@marketprime.com, 555-432-8765",email: sophia.morris [at] marketprime [dot] com,external_press_release
95,Quality Assurance Lead,Quality Assurance Lead position at TestWorld. Contact michael.jones@testworld.com or call 555-123-7890,TestWorld,"michael.jones@testworld.com, 555-123-7890",email: michael.jones [at] testworld [dot] com,default_policy
96,Data Architect,Data Architect needed at DataWorld. Contact alice.miller@dataworld.com or call 555-987-2345,DataWorld,"alice.miller@dataworld.com, 555-987-2345",email: alice.miller [at] dataworld [dot] com,external_press_release
97,DevOps Architect,DevOps Architect needed at DevOpsCo. Apply by emailing emily.green@devopsco.com or call 555-654-3210,DevOpsCo,"emily.green@devopsco.com, 555-654-3210",email: emily.green [at] devopsco [dot] com,recruiter_outreach
98,IT Support Specialist,IT Support Specialist needed at ITHelp. Contact jonathan.harris@ithelp.com or call 555-123-4567,ITHelp,"jonathan.harris@ithelp.com, 555-123-4567",email: jonathan.harris [at] ithelp [dot] com,customer_support_case
99,Cloud Software Engineer,Cloud Software Engineer needed at CloudSoft. Contact nina.white@cloudsoft.com or call 555-432-7654,CloudSoft,"nina.white@cloudsoft.com, 555-432-7654",email: nina.white [at] cloudsoft [dot] com,third_party_consulting
100,Data Analyst,Data Analyst needed at DataLink. Apply by contacting charles.brown@datalink.com or call 555-987-6543,DataLink,"charles.brown@datalink.com, 555-987-6543",email: charles.brown [at] datalink [dot] com,recruiter_outreach
