id,variant,question,ground_truth,model_answer,reasoning_tokens,cosine_similarity,elapsed_sec,paraphrased_snippet
0,sudoku,"If a candidate has five years of backend experience in Java but no cloud exposure, how should the recruiter evaluate them for a DevOps role?","The recruiter should recognize that while the candidate lacks direct cloud experience, their backend foundation is transferable; they may fit a junior DevOps or require upskilling.","Despite the lack of cloud experience, a candidate with five years of backend experience in Java can still be considered for a DevOps role. The recruiter should assess their problem-solving abilities, understanding of system architecture, and familiarity with DevOps tools and practices. If they demonstrate strong foundational skills and a willingness to learn, they could be a valuable addition to the team.",79,0.6431129574775696,100.19937682151794,If a candidate has five years of backend experience in Java but no cloud experie...
1,sudoku,"Two candidates have similar resumes, but one emphasizes leadership in open-source projects while the other lists certifications. Which is likely stronger for a startup?","The open-source contributor, since startups value hands-on problem solving and initiative more than credentials.","The candidate who emphasizes leadership experience in open-source projects is more likely to bring valuable skills to a startup. Leadership roles in open-source projects demonstrate the ability to collaborate, communicate effectively, and manage a team, which are essential skills for a startup environment.",56,0.6911945939064026,75.73032021522522,The one that emphasizes leadership in open-source projects is likely stronger fo...
2,sudoku,How would you assess a candidate who failed one coding test but has stellar peer reviews from previous teams?,"Consider peer reviews as qualitative evidence of capability; the test failure might be contextual, so a follow-up interview is justified.","When evaluating a candidate who has failed one coding test but boasts impressive peer reviews from past teams, it's essential to consider both pieces of information. The coding test failure indicates room for improvement in specific technical skills. However, stellar peer reviews suggest the candidate has strong collaboration abilities, a positive work ethic, and likely possesses a good understanding of programming concepts. To make an informed decision, you could:

1. Discuss the coding test results with the candidate, understanding the reasons for their failure and their plans to improve.
2. Delve deeper into the peer reviews, asking for specific examples of the candidate's contributions and impact on previous teams.
3. Consider offering targeted training or mentoring to help the candidate address their identified weaknesses.
4. Weigh the importance of the coding test failure against the overall strengths and potential of the candidate.
5. If possible, involve other team members in the interview process to gain additional insights into the candidate's abilities.",205,0.6130713224411011,267.93053698539734,You would assess a candidate who failed one coding test but has stellar peer rev...
3,sudoku,"A role asks for deep distributed systems expertise. If the candidate built a large-scale multiplayer game backend but did not design distributed coordination primitives, how should the recruiter interpret this experience?","The experience is adjacent but not equivalent; it shows some scalable backend ability but lacks core distributed systems patterns such as coordination, consistency models, and event-driven concurrency.","The candidate's experience in building a large-scale multiplayer game backend demonstrates their ability to implement distributed systems. However, not designing distributed coordination primitives suggests they may not have a deep understanding of the theoretical aspects and complex challenges involved in designing and implementing these critical components. Recruiters should consider this experience as evidence of practical implementation skills but may want to probe deeper during interviews to assess the candidate's understanding of distributed systems concepts and design principles.",95,0.4635308086872101,130.63547468185425,A role asks for deep distributed systems expertise. If the candidate built a lar...
4,sudoku,"If a job post says 'remote-first culture', what implication does it have for the interview process?","It likely means interviews and onboarding are conducted online, and communication skills for remote collaboration will be emphasized.","In a 'remote-first culture' company, the interview process may be conducted entirely online, with no in-person meetings. Applicants should be prepared for virtual interviews using video conferencing tools and other digital communication methods. Additionally, assessments or tests may be administered online.",59,0.592454195022583,77.70354700088501,"If a job post says 'remote-first culture', what implication does it have for the..."
5,sudoku,A candidate’s resume lists both AWS and Azure. How can the interviewer verify depth rather than breadth?,"By asking implementation-level questions (e.g., CI/CD setup, IAM, cost optimization) to test hands-on understanding rather than listing familiarity.","To assess a candidate's depth of knowledge in AWS and Azure beyond just listing them on their resume, the interviewer can ask specific, technical questions related to each cloud platform. For instance, they could ask about designing and implementing solutions using particular AWS or Azure services, or inquiring about the candidate's experience with specific tools, architectures, or best practices. This approach will help gauge the candidate's expertise and proficiency in each cloud platform.",94,0.3597402572631836,128.63679146766663,A candidate’s resume lists both AWS and Azure. How can the interviewer verify de...
6,sudoku,"If a junior candidate mentions experience in prompt engineering for LLMs, how should that be interpreted?",As emerging specialized knowledge; relevant mainly if the role involves NLP or AI applications.,"The junior candidate's mention of experience in prompt engineering for LLMs can be interpreted as having worked on designing and creating input prompts for large language models (LLMs). This experience may involve developing effective prompts to elicit specific responses or behaviors from the models, optimizing prompts for efficiency and accuracy, or collaborating with data scientists and engineers to integrate prompting systems into larger AI applications.",82,0.36502939462661743,107.42759442329407,"If a junior candidate mentions experience in prompt engineering for LLMs, how sh..."
7,sudoku,A data scientist candidate optimized a model to 98% accuracy but with unexplainable predictions. Should this be considered success?,"No, interpretability and fairness are critical; the result indicates possible overfitting or lack of transparency.","While achieving a high accuracy level of 98% is impressive, the inability to explain the predictions made by the model can be a significant concern. Transparent and explainable models are essential in many applications, particularly those involving sensitive data or critical decision-making. Therefore, it may not be considered a complete success if the model's predictions lack interpretability.",75,0.5233657360076904,96.76443600654602,A data scientist candidate optimized a model to 98% accuracy but with unexplaina...
